TaxaID,TaxaID,MatchTaxID,TreeDistance,Assembly Accession,Size (Mb),Release Date,Modify Date,Genes,Status
108.0,108.0,504472,1.0,GCA_000024525.1,8.49126,2010/01/13,2013/12/24,7132,Complete Genome
292.0,292.0,292,0.0,GCA_001718395.1,7.33738,2016/09/02,2022/10/09,6648,Complete Genome
518.0,518.0,518,0.0,GCA_012273255.1,5.09415,2020/04/12,2022/07/11,4790,Chromosome
545.0,545.0,545,0.0,GCA_014333315.1,4.56787,2020/08/29,2022/09/30,4275,Chromosome
550.0,550.0,550,0.0,GCA_025908355.1,4.96151,2022/10/30,2022/10/30,4800,Chromosome
554.0,554.0,554,0.0,GCA_025809395.1,5.00361,2022/10/24,2022/10/24,0,Complete Genome
562.0,562.0,562,0.0,GCA_018071945.2,5.01338,2021/04/19,2023/01/12,4790,Chromosome
573.0,573.0,573,0.0,GCA_027360235.1,5.79579,2022/12/27,2022/12/28,5822,Chromosome
623.0,623.0,623,0.0,GCA_013391345.1,4.82378,2020/06/22,2022/08/04,4934,Chromosome
632.0,632.0,632,0.0,GCA_000834905.1,4.83056,2015/02/09,2022/03/27,4412,Chromosome
654.0,654.0,654,0.0,GCA_016902875.1,4.6046,2021/02/17,2022/02/07,3973,Chromosome
680.0,680.0,680,0.0,GCA_001991055.1,5.63411,2017/02/10,2022/10/09,5127,Chromosome
729.0,729.0,729,0.0,GCA_004104465.2,2.06765,2019/01/24,2022/07/06,2060,Complete Genome
817.0,817.0,817,0.0,GCA_025916355.1,4.95065,2022/10/31,2022/11/02,4063,Chromosome
818.0,818.0,818,0.0,GCA_025916315.1,6.52171,2022/10/31,2022/11/02,5101,Chromosome
820.0,820.0,820,0.0,GCA_025914195.1,4.71635,2022/10/31,2022/11/01,3902,Chromosome
821.0,821.0,821,0.0,GCA_016766915.1,5.14101,2021/01/28,2022/08/10,4183,Chromosome
823.0,823.0,823,0.0,GCA_012273055.1,5.11278,2020/04/12,2022/10/06,4236,Chromosome
831.0,831.0,831,0.0,GCA_003175155.1,4.88129,2018/05/29,2022/04/01,4039,Chromosome
839.0,839.0,839,0.0,GCA_018389405.1,3.43934,2021/05/17,2022/10/07,2865,Complete Genome
853.0,853.0,853,0.0,GCA_025757765.1,2.85848,2022/10/19,2022/10/19,2771,Complete Genome
901.0,901.0,901,0.0,GCA_900116045.1,2.80753,2016/11/12,2021/12/15,2527,Complete Genome
907.0,907.0,907,0.0,GCA_003006415.1,2.56619,2018/03/17,2022/07/29,2422,Complete Genome
916.0,916.0,916,0.0,GCA_900116685.1,2.34443,2016/11/02,2022/07/31,2262,Scaffold
971.0,971.0,971,0.0,GCA_900111915.1,3.3001,2016/10/31,2022/07/31,3290,Scaffold
1176.0,1176.0,2692887,1.0,GCA_014696815.1,5.78675,2020/09/22,2022/03/23,5234,Contig
1258.0,1258.0,1258,0.0,GCA_016791605.1,2.32021,2021/02/01,2022/02/13,2366,Contig
1260.0,1260.0,1260,0.0,GCA_013267535.1,2.09006,2020/06/04,2022/07/13,2028,Complete Genome
1265.0,1265.0,1265,0.0,GCA_023664505.1,9.23049,2022/06/07,2022/06/07,9479,Scaffold
1280.0,1280.0,1280,0.0,GCA_026167705.1,2.75508,2022/11/14,2022/11/14,2738,Chromosome
1290.0,1290.0,1290,0.0,GCA_013364435.1,2.33804,2020/06/22,2022/07/20,2368,Chromosome
1304.0,1304.0,1304,0.0,GCA_001543085.1,2.19104,2016/02/01,2022/10/09,2087,Complete Genome
1308.0,1308.0,1308,0.0,GCA_019450155.1,1.80748,2021/08/05,2022/08/25,1885,Chromosome
1318.0,1318.0,1318,0.0,GCA_001578955.1,2.28706,2016/03/02,2022/03/17,2382,Scaffold
1322.0,1322.0,1322,0.0,GCA_027671065.1,2.96218,2023/01/11,2023/01/13,2935,Scaffold
1323.0,1323.0,1323,0.0,GCA_003435415.1,2.47851,2018/08/31,2022/09/03,2596,Scaffold
1343.0,1343.0,1343,0.0,GCA_900636445.1,1.9503,2018/12/19,2022/01/15,1937,Complete Genome
1356.0,1356.0,1140003,1.0,GCA_000407025.1,2.30646,2013/05/31,2022/05/10,2261,Scaffold
1358.0,1358.0,1358,0.0,GCA_004194355.1,2.4582,2019/02/14,2022/03/27,2403,Chromosome
1398.0,1398.0,1398,0.0,GCA_012851395.1,3.03783,2020/04/27,2022/02/07,3094,Chromosome
1423.0,1423.0,1423,0.0,GCA_025837035.1,4.06138,2022/10/25,2022/10/27,4206,Chromosome
1428.0,1428.0,1428,0.0,GCA_004194475.2,6.1571,2019/02/14,2022/07/06,6365,Chromosome
1490.0,1490.0,1490,0.0,GCA_008807835.1,3.77019,2019/10/03,2021/11/24,3690,Chromosome
1496.0,1496.0,1496,0.0,GCA_024628765.1,4.47637,2022/08/11,2022/09/30,4120,Chromosome
1502.0,1502.0,1502,0.0,GCA_002012325.1,3.8109,2017/03/03,2022/10/09,3672,Chromosome
1512.0,1512.0,1512,0.0,GCA_022845855.1,5.38627,2022/02/03,2022/02/03,4980,Complete Genome
1522.0,1522.0,1522,0.0,GCA_016697325.1,4.45215,2021/01/19,2022/01/28,4397,Chromosome
1531.0,1531.0,1531,0.0,GCA_012273195.1,5.53905,2020/04/12,2022/04/03,5461,Chromosome
1535.0,1535.0,1535,0.0,GCA_003459985.1,3.14023,2018/09/05,2018/09/05,2969,Scaffold
1540.0,1540.0,1540,0.0,GCA_024622925.1,2.94944,2022/08/10,2022/08/10,2938,Contig
1563.0,1563.0,768706,1.0,GCA_000235605.1,5.86308,2011/11/16,2022/05/01,5519,Complete Genome
1565.0,1565.0,696369,1.0,GCA_000189755.3,3.05279,2011/02/17,2022/05/01,3065,Scaffold
1579.0,1579.0,1579,0.0,GCA_025665255.1,2.03108,2022/10/12,2022/10/13,1939,Complete Genome
1584.0,1584.0,1584,0.0,GCA_022642945.1,2.00705,2022/03/21,2022/03/25,2120,Chromosome
1600.0,1600.0,1600,0.0,GCA_012848655.1,1.68395,2020/04/27,2022/03/09,1641,Complete Genome
1622.0,1622.0,1622,0.0,GCA_010586905.1,2.72295,2020/02/14,2022/02/12,2702,Complete Genome
1623.0,1623.0,1623,0.0,GCA_025150895.1,2.18789,2022/09/12,2022/09/15,2144,Complete Genome
1624.0,1624.0,1624,0.0,GCA_002736025.1,2.11761,2017/10/30,2021/10/05,2084,Chromosome
1660.0,1660.0,1660,0.0,GCA_005696695.1,2.36013,2019/05/23,2022/10/01,2055,Complete Genome
1680.0,1680.0,1680,0.0,GCA_023497865.1,2.49253,2022/05/18,2022/05/22,2126,Chromosome
1681.0,1681.0,1681,0.0,GCA_001281345.1,2.21037,2015/09/14,2022/07/07,1843,Complete Genome
1683.0,1683.0,1683,0.0,GCA_000966445.2,2.06464,2016/02/22,2022/09/25,1677,Complete Genome
1685.0,1685.0,1685,0.0,GCA_004319685.1,2.27463,2019/02/28,2022/03/29,1942,Chromosome
1686.0,1686.0,1686,0.0,GCA_902381755.1,2.07952,2019/08/09,2021/12/16,1759,Complete Genome
1689.0,1689.0,1689,0.0,GCA_017743215.1,2.55251,2021/04/04,2022/04/16,2101,Complete Genome
1693.0,1693.0,1693,0.0,GCA_000741645.1,1.89286,2014/08/18,2022/02/16,1597,Contig
1694.0,1694.0,1694,0.0,GCA_024138855.1,2.17257,2022/07/05,2022/07/07,1896,Complete Genome
1732.0,1732.0,1732,0.0,GCA_900104415.1,2.91229,2016/10/20,2022/03/31,2704,Scaffold
1735.0,1735.0,1735,0.0,GCA_027664255.1,2.66733,2023/01/11,2023/01/13,2713,Scaffold
1744.0,1744.0,1744,0.0,GCA_027557735.1,2.56631,2023/01/03,2023/01/04,2278,Complete Genome
1768.0,1768.0,1768,0.0,GCA_002085815.1,6.43406,2017/04/11,2022/10/09,5777,Chromosome
1886.0,1886.0,1886,0.0,GCA_019286195.1,7.05492,2021/07/20,2022/04/14,6136,Chromosome
2173.0,2173.0,2173,0.0,GCA_022846175.1,1.79116,2022/02/03,2022/04/11,1735,Complete Genome
2378.0,2378.0,2378,0.0,GCA_001373435.1,5.30528,2015/03/27,2022/09/01,5165,Scaffold
2751.0,2751.0,2751,0.0,GCA_009738125.1,4.06549,2019/12/10,2021/12/11,3927,Chromosome
13076.0,13076.0,13076,0.0,GCA_002847845.1,2.41125,2017/12/28,2022/08/17,2180,Scaffold
28025.0,28025.0,28025,0.0,GCA_023278655.1,2.02213,2022/05/09,2022/05/12,1676,Chromosome
28026.0,28026.0,28026,0.0,GCA_017743235.1,2.29294,2021/04/04,2022/04/16,1901,Complete Genome
28037.0,28037.0,28037,0.0,GCA_001560895.1,2.16792,2016/02/12,2022/09/25,2017,Complete Genome
28052.0,28052.0,28052,0.0,GCA_001406555.1,3.03522,2015/10/01,2022/03/31,2819,Scaffold
28090.0,28090.0,28090,0.0,GCA_013349205.1,3.76709,2020/06/17,2021/11/14,3680,Chromosome
28111.0,28111.0,28111,0.0,GCA_016894205.1,4.22838,2021/02/16,2022/10/07,3479,Chromosome
28116.0,28116.0,28116,0.0,GCA_016894185.1,6.42527,2021/02/16,2022/10/07,4884,Chromosome
28117.0,28117.0,28117,0.0,GCA_022009915.1,1.91,2022/02/05,2022/02/05,2085,Complete Genome
28118.0,28118.0,28118,0.0,GCA_900187175.1,4.39218,2017/08/15,2022/10/06,3709,Complete Genome
28123.0,28123.0,910312,1.0,GCA_000183605.2,2.19912,2010/11/30,2022/07/17,1730,Contig
28127.0,28127.0,28127,0.0,GCA_020735565.1,3.30841,2021/11/03,2021/11/05,2703,Complete Genome
28128.0,28128.0,28128,0.0,GCA_001546595.1,2.85951,2016/02/02,2022/10/06,2577,Scaffold
28139.0,28139.0,880526,1.0,GCA_000427365.1,2.88008,2013/07/15,2022/04/18,2301,Scaffold
28901.0,28901.0,28901,0.0,GCA_019264945.1,4.5752,2021/07/18,2022/08/05,4238,Chromosome
29332.0,29332.0,29332,0.0,GCA_001643245.1,4.04219,2016/05/13,2021/12/20,4284,Scaffold
29347.0,29347.0,29347,0.0,GCA_019597925.1,3.94184,2021/08/13,2022/09/02,3801,Complete Genome
29348.0,29348.0,29348,0.0,GCA_003439345.1,2.61718,2018/08/31,2022/09/03,2486,Scaffold
29349.0,29349.0,29349,0.0,GCA_002029295.1,2.02549,2017/03/15,2017/03/15,2103,Contig
29354.0,29354.0,29354,0.0,GCA_015152425.1,5.66398,2020/10/30,2020/10/30,5115,Contig
29360.0,29360.0,642492,1.0,GCA_000178835.2,4.71424,2011/03/22,2022/03/31,4373,Complete Genome
29361.0,29361.0,29361,0.0,GCA_020740285.1,5.47759,2021/11/03,2021/11/03,5346,Contig
29388.0,29388.0,29388,0.0,GCA_026430575.1,2.54904,2022/11/28,2022/11/30,2531,Complete Genome
29394.0,29394.0,29394,0.0,GCA_003263915.2,1.89042,2019/06/12,2022/04/14,1806,Chromosome
29466.0,29466.0,29466,0.0,GCA_002005185.1,2.17852,2017/02/21,2022/10/09,2005,Complete Genome
31971.0,31971.0,31971,0.0,GCA_003474925.1,2.19005,2018/09/06,2022/09/04,2287,Scaffold
31973.0,31973.0,31973,0.0,GCA_002148845.1,2.35892,2017/05/18,2017/05/18,2687,Contig
32040.0,32040.0,32040,0.0,GCA_900112675.1,5.07753,2016/10/31,2022/04/19,4582,Scaffold
33031.0,33031.0,33031,0.0,GCA_900454715.1,1.88356,2018/07/30,2022/01/05,1814,Contig
33034.0,33034.0,33034,0.0,GCA_900445285.1,2.00498,2018/08/07,2022/04/19,1897,Contig
33035.0,33035.0,33035,0.0,GCA_004210255.1,6.35484,2019/02/19,2022/09/28,5635,Complete Genome
33036.0,33036.0,33036,0.0,GCA_001546165.1,2.01554,2016/02/02,2021/12/13,1935,Scaffold
33038.0,33038.0,33038,0.0,GCA_016904015.1,3.19694,2021/02/17,2022/04/04,3072,Complete Genome
33039.0,33039.0,33039,0.0,GCA_023674525.1,2.83893,2022/06/08,2022/06/08,3126,Chromosome
33043.0,33043.0,33043,0.0,GCA_025149915.1,3.11292,2022/09/12,2022/09/15,2750,Complete Genome
33871.0,33871.0,700015,1.0,GCA_000195315.1,2.11568,2011/04/07,2022/04/18,1833,Complete Genome
33905.0,33905.0,33905,0.0,GCA_902385935.1,2.29164,2019/08/09,2021/12/16,1744,Complete Genome
34062.0,34062.0,34062,0.0,GCA_001553955.1,2.64914,2016/02/09,2022/10/09,2379,Complete Genome
34073.0,34073.0,34073,0.0,GCA_022009635.1,7.95378,2022/02/05,2022/02/07,7460,Chromosome
35517.0,35517.0,35517,0.0,GCA_015256235.1,1.46148,2020/11/06,2020/11/06,1328,Contig
35833.0,35833.0,35833,0.0,GCA_902374275.1,4.39119,2019/08/12,2022/10/02,3836,Scaffold
36834.0,36834.0,36834,0.0,GCA_021412605.1,3.63982,2022/01/10,2022/01/12,3373,Scaffold
36839.0,36839.0,36839,0.0,GCA_002006235.2,5.16792,2022/05/03,2022/06/11,4745,Complete Genome
38293.0,38293.0,38293,0.0,GCA_009665375.1,4.427,2019/11/18,2021/11/22,3952,Chromosome
38301.0,38301.0,38301,0.0,GCA_900478045.1,2.69597,2018/06/17,2022/02/22,2505,Complete Genome
39482.0,39482.0,39482,0.0,GCA_001404335.1,5.54549,2015/10/01,2022/03/31,5141,Scaffold
39483.0,39483.0,39483,0.0,GCA_015547135.1,2.23633,2020/11/17,2021/11/19,2308,Scaffold
39484.0,39484.0,1408437,1.0,GCA_000701665.1,2.6469,2014/06/11,2022/03/31,2741,Scaffold
39485.0,39485.0,39485,0.0,GCA_020735745.1,2.77278,2021/11/03,2021/11/05,2639,Complete Genome
39486.0,39486.0,39486,0.0,GCA_025150245.1,3.1883,2022/09/12,2022/09/15,3116,Complete Genome
39488.0,39488.0,39488,0.0,GCA_018140635.1,3.45568,2021/04/26,2022/09/28,3073,Chromosome
39490.0,39490.0,39490,0.0,GCA_027667005.1,3.89884,2023/01/11,2023/01/13,3572,Scaffold
39491.0,39491.0,39491,0.0,GCA_024167965.1,2.80463,2022/07/06,2022/07/06,2683,Chromosome
39492.0,39492.0,39492,0.0,GCA_902388055.1,2.94341,2019/08/09,2019/08/09,0,Chromosome
39496.0,39496.0,39496,0.0,GCA_025150745.1,2.85609,2022/09/12,2022/09/15,2626,Complete Genome
39497.0,39497.0,1336241,1.0,GCA_000518685.1,2.57925,2014/01/10,2022/03/31,2224,Scaffold
39498.0,39498.0,39498,0.0,GCA_900167215.1,2.554,2017/03/09,2017/03/09,2225,Scaffold
39777.0,39777.0,39777,0.0,GCA_002082765.1,2.07195,2017/04/10,2022/04/10,1890,Complete Genome
39778.0,39778.0,39778,0.0,GCA_900637515.1,2.11692,2018/12/19,2021/12/16,1980,Complete Genome
40215.0,40215.0,40215,0.0,GCA_016888805.1,2.66763,2021/02/15,2021/03/12,0,Chromosome
40518.0,40518.0,40518,0.0,GCA_027670865.1,2.33178,2023/01/11,2023/01/13,2249,Scaffold
40519.0,40519.0,40519,0.0,GCA_902385595.1,2.95772,2019/08/16,2022/04/02,2674,Scaffold
40520.0,40520.0,40520,0.0,GCA_001404775.1,4.29504,2015/10/01,2022/03/31,4004,Scaffold
40545.0,40545.0,40545,0.0,GCA_016724805.1,3.02652,2021/01/20,2022/01/28,2466,Complete Genome
43675.0,43675.0,43675,0.0,GCA_015240415.1,2.31643,2020/11/05,2022/01/27,1821,Chromosome
43995.0,43995.0,679200,1.0,GCA_000235445.1,2.68708,2011/11/10,2022/03/31,2413,Scaffold
43997.0,43997.0,592026,1.0,GCA_000160035.2,3.4792,2009/03/17,2022/03/31,3165,Scaffold
44256.0,44256.0,935948,1.0,GCA_000427425.1,2.49986,2013/07/15,2022/04/18,2490,Scaffold
44742.0,44742.0,44742,0.0,GCA_001553605.1,3.69931,2016/02/09,2022/10/09,3242,Complete Genome
44749.0,44749.0,1123282,1.0,GCA_900130065.1,4.19821,2016/12/02,2022/04/01,3899,Scaffold
45851.0,45851.0,45851,0.0,GCA_025148445.1,2.52132,2022/09/12,2022/09/15,2516,Complete Genome
46228.0,46228.0,46228,0.0,GCA_027676965.1,3.04498,2023/01/12,2023/01/13,3012,Scaffold
46256.0,46256.0,46256,0.0,GCA_007954725.1,1.99943,2019/08/11,2022/04/02,1973,Complete Genome
46503.0,46503.0,46503,0.0,GCA_018289315.1,4.79951,2021/05/06,2022/10/07,4013,Complete Genome
46506.0,46506.0,46506,0.0,GCA_020091485.1,3.88383,2021/09/22,2022/10/07,3244,Complete Genome
46679.0,46679.0,46679,0.0,GCA_900106045.1,5.85317,2016/10/21,2021/12/16,5419,Chromosome
46867.0,46867.0,46867,0.0,GCA_004328885.1,2.8837,2019/03/06,2022/04/02,2720,Complete Genome
47246.0,47246.0,2840804,3.0,GCA_018715465.1,2.16172,2021/06/04,2021/06/04,2020,Contig
47678.0,47678.0,47678,0.0,GCA_016726305.1,4.57094,2021/01/20,2022/10/07,3693,Complete Genome
48467.0,48467.0,48467,0.0,GCA_900167535.1,6.29236,2017/03/04,2022/04/19,5009,Scaffold
49319.0,49319.0,49319,0.0,GCA_007164525.1,3.02287,2019/07/08,2022/04/13,3084,Complete Genome
51123.0,51123.0,51123,0.0,GCA_022786885.1,2.07276,2022/04/01,2022/04/01,2137,Contig
52022.0,52022.0,52022,0.0,GCA_016235285.1,3.06867,2020/12/21,2020/12/21,3181,Scaffold
52023.0,52023.0,926560,1.0,GCA_000430045.1,4.68896,2013/07/15,2022/04/18,4586,Scaffold
52226.0,52226.0,52226,0.0,GCA_027671285.1,2.47933,2023/01/11,2023/01/13,2431,Scaffold
53443.0,53443.0,53443,0.0,GCA_025289255.1,3.5749,2022/09/19,2022/09/19,3424,Scaffold
54007.0,54007.0,54007,0.0,GCA_002847745.1,1.97904,2017/12/28,2022/08/17,1916,Scaffold
54571.0,54571.0,54571,0.0,GCA_001886595.1,8.38032,2016/11/28,2022/10/16,7612,Complete Genome
55148.0,55148.0,693977,1.0,GCA_000190555.1,2.88684,2011/02/28,2022/04/18,2788,Complete Genome
55507.0,55507.0,55507,0.0,GCA_015058695.1,2.53784,2020/10/28,2020/10/28,2416,Scaffold
55565.0,55565.0,55565,0.0,GCA_023302925.1,2.13096,2022/05/10,2022/05/10,1822,Complete Genome
55583.0,55583.0,55583,0.0,GCA_009796305.1,3.04943,2019/12/24,2022/05/01,2982,Complete Genome
56957.0,56957.0,751945,1.0,GCA_000309885.1,2.40133,2012/11/05,2022/04/21,2581,Complete Genome
57040.0,57040.0,1122189,1.0,GCA_900142125.1,3.96163,2016/12/02,2022/04/10,3695,Contig
59310.0,59310.0,59310,0.0,GCA_026194135.2,2.29733,2022/11/30,2022/12/24,2412,Complete Genome
59610.0,59610.0,349161,1.0,GCA_000016165.1,3.6081,2007/03/24,2022/02/13,3616,Complete Genome
59620.0,59620.0,59620,0.0,GCA_900066945.1,8.7629,2016/08/16,2016/08/16,8247,Scaffold
59842.0,59842.0,1220560,1.0,GCA_004000765.1,7.88487,2018/12/29,2022/04/19,7156,Contig
60920.0,60920.0,446469,1.0,GCA_000024925.1,4.25341,2009/11/19,2022/04/18,3784,Complete Genome
61171.0,61171.0,61171,0.0,GCA_027661305.1,3.85703,2023/01/11,2023/01/13,3597,Scaffold
61646.0,61646.0,61646,0.0,GCA_019355955.1,4.59911,2021/07/27,2022/04/14,4399,Chromosome
63560.0,63560.0,1121459,1.0,GCA_000375485.1,3.32458,2013/04/20,2022/04/18,3131,Contig
66370.0,66370.0,66370,0.0,GCA_014647675.1,10.2757,2020/09/11,2022/04/19,9494,Scaffold
69823.0,69823.0,69823,0.0,GCA_026015965.1,2.61408,2022/11/07,2022/11/07,2488,Chromosome
70255.0,70255.0,70255,0.0,GCA_001618885.1,2.65968,2016/04/12,2022/10/09,2597,Complete Genome
73030.0,73030.0,73030,0.0,GCA_015256335.1,2.98421,2020/11/06,2020/11/06,3217,Contig
74426.0,74426.0,74426,0.0,GCA_005576555.1,2.26485,2019/05/22,2022/07/17,1968,Complete Genome
76745.0,76745.0,935557,1.0,GCA_000427465.1,6.8503,2013/07/15,2022/02/06,6358,Scaffold
77095.0,77095.0,77095,0.0,GCA_022024215.1,3.46507,2022/02/07,2022/05/21,2819,Complete Genome
77635.0,77635.0,77635,0.0,GCA_014898195.1,2.82235,2020/10/20,2021/10/25,2336,Complete Genome
78343.0,78343.0,78343,0.0,GCA_000741535.1,2.17136,2014/08/18,2022/02/16,1738,Contig
78344.0,78344.0,78344,0.0,GCA_004135085.1,2.41446,2019/02/03,2022/03/08,2098,Complete Genome
78345.0,78345.0,78345,0.0,GCA_000741615.1,2.28023,2014/08/18,2022/02/16,1900,Contig
78346.0,78346.0,78346,0.0,GCA_016900135.1,2.38942,2021/02/16,2022/02/22,2085,Contig
79604.0,79604.0,79604,0.0,GCA_001643775.1,2.44625,2016/05/16,2022/03/06,2005,Complete Genome
84023.0,84023.0,84023,0.0,GCA_002189005.1,4.32202,2017/06/09,2022/04/01,4048,Scaffold
84030.0,84030.0,84030,0.0,GCA_016906045.1,4.67807,2021/02/18,2022/04/04,4380,Chromosome
84110.0,84110.0,84110,0.0,GCA_900637575.1,3.16616,2018/12/19,2021/12/16,2819,Complete Genome
84112.0,84112.0,84112,0.0,GCA_022845935.1,3.37817,2022/02/03,2022/04/11,2973,Complete Genome
84135.0,84135.0,84135,0.0,GCA_009730295.1,1.79661,2019/12/05,2021/12/07,1735,Complete Genome
84521.0,84521.0,84521,0.0,GCA_002871385.1,1.76295,2018/01/10,2022/08/19,1734,Scaffold
85698.0,85698.0,85698,0.0,GCA_003293615.1,6.52087,2018/07/09,2022/07/04,6018,Chromosome
85831.0,85831.0,85831,0.0,GCA_910576575.1,5.39157,2021/07/06,2022/07/29,4658,Scaffold
86332.0,86332.0,86332,0.0,GCA_002243385.1,1.86277,2017/08/08,2022/10/10,1804,Chromosome
88189.0,88189.0,1123388,1.0,GCA_000376265.1,2.22598,2013/04/20,2022/04/18,2364,Contig
88431.0,88431.0,88431,0.0,GCA_024168045.1,2.9579,2022/07/06,2022/07/07,2845,Chromosome
89152.0,89152.0,89152,0.0,GCA_008151785.1,2.5219,2019/08/30,2022/09/04,2360,Complete Genome
91750.0,91750.0,91750,0.0,GCA_928721465.1,2.02559,2022/02/02,2022/02/02,0,Chromosome
97138.0,97138.0,97138,0.0,GCA_000364165.2,2.9246,2022/06/15,2022/06/18,2892,Complete Genome
97253.0,97253.0,1235802,1.0,GCA_000364225.2,6.74177,2013/04/08,2022/06/09,7506,Contig
99656.0,99656.0,99656,0.0,GCA_023665925.1,2.54855,2022/06/07,2022/06/07,2105,Scaffold
100134.0,100134.0,1121345,1.0,GCA_900143645.1,5.42033,2016/12/09,2022/04/01,4729,Scaffold
100176.0,100176.0,1122930,1.0,GCA_900176335.1,2.89061,2017/04/08,2022/04/01,2732,Scaffold
100884.0,100884.0,100884,0.0,GCA_000186525.1,3.85736,2011/01/21,2022/03/25,3961,Scaffold
100886.0,100886.0,100886,0.0,GCA_025148785.1,2.6502,2022/09/12,2022/09/15,2721,Complete Genome
102148.0,102148.0,102148,0.0,GCA_003459805.1,1.98989,2018/09/05,2022/09/03,1970,Scaffold
105841.0,105841.0,105841,0.0,GCA_020181435.1,3.28479,2021/09/30,2022/01/15,3321,Complete Genome
106588.0,106588.0,106588,0.0,GCA_016899775.1,3.52947,2021/02/16,2022/04/04,3408,Contig
106649.0,106649.0,106649,0.0,GCA_020172725.1,4.6231,2021/09/29,2021/11/15,4315,Chromosome
112904.0,112904.0,112904,0.0,GCA_002077725.1,3.05516,2017/04/03,2022/03/17,2929,Contig
115544.0,115544.0,1122934,1.0,GCA_900141895.1,2.44376,2016/12/02,2022/04/01,2438,Contig
116085.0,116085.0,116085,0.0,GCA_902381825.1,3.5227,2019/08/09,2022/04/11,3304,Chromosome
129958.0,129958.0,246194,1.0,GCA_000012865.1,2.40152,2005/10/21,2021/10/26,2530,Complete Genome
143393.0,143393.0,143393,0.0,GCA_015256185.1,1.81767,2020/11/06,2020/11/06,1738,Scaffold
147206.0,147206.0,147206,0.0,GCA_025149625.1,2.46075,2022/09/12,2022/09/15,2094,Complete Genome
147207.0,147207.0,147207,0.0,GCA_027683425.1,1.96833,2023/01/12,2023/01/13,1698,Scaffold
149016.0,149016.0,149016,0.0,GCA_900636885.1,2.144,2018/12/19,2021/12/16,2231,Complete Genome
150240.0,150240.0,1121914,1.0,GCA_000425665.1,1.86968,2013/07/10,2022/04/18,1726,Scaffold
153721.0,153721.0,153721,0.0,GCA_000775915.1,5.98428,2014/10/07,2022/10/06,4944,Contig
154046.0,154046.0,154046,0.0,GCA_025149285.1,6.93189,2022/09/12,2022/09/15,6339,Complete Genome
154288.0,154288.0,154288,0.0,GCA_013046825.1,2.99969,2020/05/12,2022/02/18,2888,Complete Genome
155322.0,155322.0,155322,0.0,GCA_009799785.1,5.35127,2019/12/25,2019/12/25,5419,Chromosome
158787.0,158787.0,158787,0.0,GCA_000741405.1,3.14179,2014/08/18,2022/02/09,2589,Contig
158836.0,158836.0,158836,0.0,GCA_014333255.1,4.7121,2020/08/29,2022/09/30,4447,Chromosome
158847.0,158847.0,158847,0.0,GCA_900187035.1,2.23034,2017/08/15,2021/12/15,2162,Complete Genome
160404.0,160404.0,1121323,1.0,GCA_900142265.1,3.54608,2016/12/02,2022/04/01,3638,Scaffold
161879.0,161879.0,161879,0.0,GCA_016894245.1,2.48371,2021/02/16,2022/02/22,2123,Chromosome
162156.0,162156.0,162156,0.0,GCA_900066665.1,7.30122,2016/08/16,2016/08/16,6019,Scaffold
163665.0,163665.0,163665,0.0,GCA_017306915.1,4.02948,2021/03/08,2021/03/08,3517,Scaffold
165096.0,165096.0,165096,0.0,GCA_009697245.1,1.51181,2019/11/23,2022/04/02,1481,Chromosome
165179.0,165179.0,165179,0.0,GCA_015074785.1,3.86403,2020/09/21,2022/10/07,3206,Chromosome
165185.0,165185.0,165185,0.0,GCA_900066695.1,4.2957,2016/08/16,2016/08/16,4130,Scaffold
165186.0,165186.0,165186,0.0,GCA_900066605.1,5.84172,2016/08/16,2016/08/16,5642,Scaffold
166486.0,166486.0,166486,0.0,GCA_023497585.1,4.09071,2022/05/18,2022/05/22,3797,Chromosome
166501.0,166501.0,525904,1.0,GCA_000025005.1,3.10158,2009/11/23,2022/03/13,2911,Complete Genome
166939.0,166939.0,1120978,1.0,GCA_000374325.1,1.44129,2013/04/19,2022/04/18,1471,Scaffold
168471.0,168471.0,168471,0.0,GCA_002215055.1,3.42427,2017/07/05,2022/09/28,3366,Complete Genome
169292.0,169292.0,169292,0.0,GCA_024138775.1,2.68377,2022/07/05,2022/07/07,2549,Chromosome
169435.0,169435.0,169435,0.0,GCA_025146135.1,3.56392,2022/09/12,2022/09/15,3584,Complete Genome
172827.0,172827.0,172827,0.0,GCA_001623175.1,2.98802,2016/04/18,2022/04/17,3107,Contig
173675.0,173675.0,173675,0.0,GCA_002205635.1,4.30676,2017/06/22,2022/02/04,4204,Scaffold
179628.0,179628.0,1121305,1.0,GCA_001593985.1,2.6195,2016/03/18,2022/03/31,2633,Contig
179636.0,179636.0,179636,0.0,GCA_012530715.1,4.77003,2020/04/20,2022/04/14,4506,Complete Genome
179878.0,179878.0,1081640,1.0,GCA_000226955.2,4.12439,2011/09/30,2022/02/08,3956,Contig
180295.0,180295.0,1121025,1.0,GCA_900129085.1,2.12434,2016/12/02,2022/01/19,2013,Scaffold
180311.0,180311.0,1121950,1.0,GCA_900142165.1,4.40294,2016/12/02,2022/04/01,4185,Scaffold
183670.0,183670.0,183670,0.0,GCA_002837135.1,2.6995,2017/12/12,2022/03/07,2599,Scaffold
184870.0,184870.0,184870,0.0,GCA_002848005.1,2.30516,2017/12/28,2022/08/17,2044,Scaffold
186192.0,186192.0,869210,1.0,GCA_000195335.1,2.26917,2011/04/07,2022/04/18,2286,Complete Genome
187327.0,187327.0,187327,0.0,GCA_902381715.1,2.28786,2019/08/09,2022/09/14,2108,Chromosome
187328.0,187328.0,1123490,1.0,GCA_000426745.1,1.87091,2013/07/10,2022/04/14,1640,Scaffold
187979.0,187979.0,187979,0.0,GCA_027681165.1,2.48976,2023/01/12,2023/01/13,2249,Scaffold
189426.0,189426.0,189426,0.0,GCA_000758725.1,6.81247,2014/09/22,2022/04/14,6048,Complete Genome
204516.0,204516.0,204516,0.0,GCA_015547505.1,4.66777,2020/11/17,2022/10/07,4135,Scaffold
208224.0,208224.0,208224,0.0,GCA_027595935.1,4.9526,2023/01/09,2023/01/09,4754,Complete Genome
208479.0,208479.0,208479,0.0,GCA_023008325.1,6.06697,2022/04/15,2022/04/22,5549,Complete Genome
214851.0,214851.0,214851,0.0,GCA_025152575.1,3.24495,2022/09/12,2022/09/15,3075,Complete Genome
214856.0,214856.0,214856,0.0,GCA_022846055.1,4.11726,2022/02/03,2022/04/11,3570,Complete Genome
216816.0,216816.0,216816,0.0,GCA_900103055.1,2.39298,2016/10/20,2021/12/15,2080,Chromosome
218140.0,218140.0,218140,0.0,GCA_000741705.1,2.61508,2014/08/18,2022/02/16,2157,Contig
218538.0,218538.0,218538,0.0,GCA_015256265.1,2.00004,2020/11/06,2020/11/06,2063,Scaffold
220684.0,220684.0,220684,0.0,GCA_021560175.1,6.25553,2022/01/24,2022/02/25,5904,Complete Genome
228574.0,228574.0,228574,0.0,GCA_003445965.1,5.71224,2018/09/04,2018/09/04,5153,Scaffold
237258.0,237258.0,237258,0.0,GCA_003860565.1,2.75956,2018/12/04,2022/10/06,2547,Complete Genome
239935.0,239935.0,239935,0.0,GCA_026810105.1,2.67586,2022/12/12,2022/12/13,2227,Chromosome
242750.0,242750.0,585502,1.0,GCA_000160535.1,3.27367,2009/04/20,2022/04/18,2591,Scaffold
244362.0,244362.0,244362,0.0,GCA_900119155.1,4.07344,2016/11/12,2022/04/01,3675,Scaffold
246787.0,246787.0,246787,0.0,GCA_018292125.1,7.27107,2021/05/06,2022/10/07,5612,Complete Genome
253239.0,253239.0,253239,0.0,GCA_003612855.1,3.10012,2018/10/04,2022/04/02,2963,Complete Genome
256466.0,256466.0,256466,0.0,GCA_900188455.1,6.71861,2017/07/13,2022/05/16,5899,Scaffold
259063.0,259063.0,1121322,1.0,GCA_900142215.1,6.62127,2016/12/02,2022/04/01,5754,Scaffold
259315.0,259315.0,259315,0.0,GCA_900066125.1,2.94902,2016/08/16,2016/08/16,2837,Scaffold
261299.0,261299.0,261299,0.0,GCA_025148965.1,3.00627,2022/09/12,2022/09/12,2788,Complete Genome
264636.0,264636.0,264636,0.0,GCA_900660755.1,1.46567,2019/01/28,2021/12/16,1424,Complete Genome
286138.0,286138.0,286138,0.0,GCA_900066515.1,3.01802,2016/08/16,2016/08/16,2950,Scaffold
290052.0,290052.0,290052,0.0,GCA_902387445.1,3.66025,2019/08/16,2022/04/02,3765,Scaffold
290054.0,290054.0,290054,0.0,GCA_022772665.1,1.98119,2022/03/31,2022/03/31,1877,Contig
290309.0,290309.0,1223521,1.0,GCA_000739995.1,3.50599,2014/08/02,2022/04/18,3296,Contig
291644.0,291644.0,291644,0.0,GCA_025914135.1,5.48239,2022/10/31,2022/11/01,4317,Chromosome
291645.0,291645.0,291645,0.0,GCA_025914175.1,5.45374,2022/10/31,2022/11/01,4113,Chromosome
292800.0,292800.0,292800,0.0,GCA_023497945.1,4.08867,2022/05/18,2022/05/18,5882,Chromosome
293387.0,293387.0,293387,0.0,GCA_027594585.1,3.73273,2023/01/09,2023/01/09,3842,Chromosome
301301.0,301301.0,301301,0.0,GCA_902387955.1,3.59212,2019/08/09,2022/04/02,3336,Complete Genome
301302.0,301302.0,301302,0.0,GCA_015558055.1,3.91522,2020/11/17,2022/04/03,3891,Scaffold
307124.0,307124.0,1122223,1.0,GCA_000373205.1,3.19063,2013/04/19,2022/04/18,3153,Scaffold
309885.0,309885.0,695939,1.0,GCA_900176165.1,6.65087,2017/04/06,2022/04/19,6340,Scaffold
310297.0,310297.0,310297,0.0,GCA_015546785.1,4.49326,2020/11/17,2022/10/07,3847,Scaffold
310298.0,310298.0,310298,0.0,GCA_902373755.1,4.30012,2019/08/12,2022/10/10,3864,Scaffold
315405.0,315405.0,315405,0.0,GCA_012273095.1,2.19121,2020/04/12,2022/07/11,2246,Chromosome
322505.0,322505.0,322505,0.0,GCA_900112735.1,2.32975,2016/10/30,2022/02/16,2421,Scaffold
327277.0,327277.0,327277,0.0,GCA_012719795.1,2.33327,2020/04/23,2020/04/23,1947,Contig
328812.0,328812.0,328812,0.0,GCA_020091425.1,7.0536,2021/09/22,2022/10/07,5713,Complete Genome
328813.0,328813.0,328813,0.0,GCA_025757545.1,3.39584,2022/10/19,2022/10/19,2900,Complete Genome
328814.0,328814.0,328814,0.0,GCA_008416365.1,3.82199,2019/09/16,2022/10/06,3299,Scaffold
329854.0,329854.0,329854,0.0,GCA_020341675.1,5.78577,2021/10/07,2022/01/15,4460,Chromosome
338188.0,338188.0,338188,0.0,GCA_015558155.1,5.8131,2020/11/17,2022/10/07,4754,Scaffold
339862.0,339862.0,768710,1.0,GCA_000244895.1,5.66098,2012/01/24,2022/05/01,5363,Chromosome
341220.0,341220.0,341220,0.0,GCA_002915525.1,4.81314,2018/02/04,2022/04/01,4607,Scaffold
341225.0,341225.0,341225,0.0,GCA_902377525.1,3.14344,2019/08/16,2022/09/29,2898,Scaffold
342002.0,342002.0,342002,0.0,GCA_025822685.1,4.44821,2022/10/24,2022/10/26,4161,Scaffold
342942.0,342942.0,342942,0.0,GCA_015560805.1,3.00022,2020/11/17,2022/04/03,2747,Scaffold
354356.0,354356.0,354356,0.0,GCA_002077985.1,8.98616,2017/04/03,2022/10/06,7190,Contig
357276.0,357276.0,357276,0.0,GCA_025916455.1,5.302,2022/10/31,2022/11/02,4268,Chromosome
360807.0,360807.0,360807,0.0,GCA_003467265.1,4.0091,2018/09/06,2022/04/02,3894,Scaffold
361854.0,361854.0,361854,0.0,GCA_002860365.1,2.82021,2018/01/04,2022/04/04,2313,Contig
364317.0,364317.0,364317,0.0,GCA_026192895.1,5.73713,2022/11/15,2022/11/15,5692,Scaffold
371601.0,371601.0,371601,0.0,GCA_025757585.1,6.16593,2022/10/19,2022/10/19,4995,Complete Genome
384638.0,384638.0,384638,0.0,GCA_025146925.1,3.07849,2022/09/12,2022/09/12,2916,Complete Genome
387090.0,387090.0,387090,0.0,GCA_016888945.1,4.11361,2021/02/15,2022/10/07,3530,Complete Genome
387661.0,387661.0,387661,0.0,GCA_020735865.1,4.76616,2021/11/03,2022/01/15,3872,Complete Genome
394958.0,394958.0,394958,0.0,GCA_001735765.2,3.50351,2016/09/20,2022/04/01,3226,Complete Genome
410072.0,410072.0,410072,0.0,GCA_016904155.1,3.37307,2021/02/17,2022/04/04,3273,Complete Genome
411484.0,411484.0,2999072,2.0,GCA_026738875.1,4.09794,2022/12/07,2022/12/09,3880,Scaffold
411489.0,411489.0,411489,0.0,GCA_000154245.1,2.95462,2007/05/24,2019/12/14,2656,Scaffold
425254.0,425254.0,1294025,1.0,GCA_001311925.1,4.061,2015/10/01,2022/03/31,3937,Contig
437897.0,437897.0,437897,0.0,GCA_010669225.1,2.56877,2020/02/17,2022/05/13,2574,Complete Genome
437898.0,437898.0,437898,0.0,GCA_902374665.1,2.3769,2019/08/12,2022/10/02,2140,Scaffold
446043.0,446043.0,446043,0.0,GCA_900066985.1,3.8231,2016/08/16,2016/08/16,3311,Scaffold
446660.0,446660.0,446660,0.0,GCA_027677145.1,2.76995,2023/01/12,2023/01/13,2290,Scaffold
450746.0,450746.0,2292032,2.0,GCA_003475785.1,2.17431,2018/09/06,2022/07/30,2220,Scaffold
454154.0,454154.0,454154,0.0,GCA_003462815.1,4.639,2018/09/06,2018/09/06,4129,Scaffold
454155.0,454155.0,454155,0.0,GCA_902374365.1,3.78981,2019/08/16,2022/09/29,3057,Scaffold
457389.0,457389.0,457389,0.0,GCA_001185845.1,6.30222,2015/07/17,2022/07/29,4960,Scaffold
457402.0,457402.0,2996995,2.0,GCA_027688095.1,4.29463,2023/01/12,2023/01/13,4333,Scaffold
457412.0,457412.0,457412,0.0,GCA_000159975.2,3.9307,2009/04/02,2022/03/31,3605,Contig
457421.0,457421.0,457421,0.0,GCA_000155435.1,6.54897,2008/08/26,2014/01/09,6316,Scaffold
458253.0,458253.0,458253,0.0,GCA_900066425.1,3.43495,2016/08/16,2016/08/16,3345,Scaffold
460384.0,460384.0,460384,0.0,GCA_900102595.1,6.4009,2016/10/29,2022/04/01,5823,Scaffold
462367.0,462367.0,1121884,1.0,GCA_900129295.1,4.67746,2016/12/02,2022/10/06,4160,Scaffold
467094.0,467094.0,467094,0.0,GCA_002748455.1,1.25378,2017/11/03,2017/11/03,1252,Contig
469610.0,469610.0,469610,0.0,GCA_000144975.1,2.65565,2010/07/27,2014/01/09,2454,Scaffold
471189.0,471189.0,471189,0.0,GCA_902387605.1,3.39944,2019/08/16,2022/09/29,3039,Scaffold
484882.0,484882.0,1123062,1.0,GCA_900114315.1,6.38446,2016/10/31,2022/04/19,6045,Scaffold
487173.0,487173.0,487173,0.0,GCA_928721695.1,2.4869,2022/02/02,2022/02/02,0,Complete Genome
487174.0,487174.0,487174,0.0,GCA_015551465.1,3.62965,2020/11/17,2022/10/07,3010,Scaffold
501571.0,501571.0,501571,0.0,GCA_902374965.1,3.32572,2019/08/16,2022/04/02,3218,Scaffold
512314.0,512314.0,512314,0.0,GCA_900066595.1,3.4524,2016/08/16,2016/08/16,3143,Scaffold
544580.0,544580.0,544580,0.0,GCA_001553935.1,3.04292,2016/02/09,2022/10/09,2531,Complete Genome
544644.0,544644.0,544644,0.0,GCA_902376195.1,4.9653,2019/08/12,2022/10/02,4084,Scaffold
544645.0,544645.0,544645,0.0,GCA_016889065.1,4.81314,2021/02/15,2022/10/07,3978,Complete Genome
552398.0,552398.0,552398,0.0,GCA_000177015.3,3.19735,2010/03/22,2014/01/09,3083,Scaffold
556258.0,556258.0,556258,0.0,GCA_000157095.2,5.97456,2009/01/30,2022/10/05,4798,Scaffold
556261.0,556261.0,556261,0.0,GCA_000190355.1,5.42732,2011/02/23,2022/03/31,4644,Scaffold
556325.0,556325.0,556325,0.0,GCA_001887245.1,2.66784,2016/11/29,2022/10/09,2410,Complete Genome
571438.0,571438.0,571438,0.0,GCA_900102485.1,2.70443,2016/10/20,2022/08/11,2393,Scaffold
580026.0,580026.0,580026,0.0,GCA_024623255.1,2.98676,2022/08/10,2022/08/10,2571,Contig
598550.0,598550.0,2994641,2.0,GCA_027864745.1,6.06535,2023/01/16,2023/01/18,5571,Contig
604330.0,604330.0,604330,0.0,GCA_900105025.1,2.35319,2016/10/21,2022/04/19,2122,Chromosome
604332.0,604332.0,604331,1.0,GCA_000423425.1,2.74708,2013/07/10,2022/04/18,2851,Scaffold
620903.0,620903.0,620903,0.0,GCA_014207605.1,1.40538,2020/08/14,2022/09/16,1434,Scaffold
626929.0,626929.0,626929,0.0,GCA_003464535.1,4.41582,2018/09/06,2022/09/06,3859,Scaffold
626931.0,626931.0,626931,0.0,GCA_902374815.1,7.08773,2019/08/12,2022/10/06,5491,Scaffold
626932.0,626932.0,626932,0.0,GCA_014163495.1,3.09558,2020/08/01,2022/10/06,2518,Complete Genome
626934.0,626934.0,626934,0.0,GCA_902374735.1,2.11933,2019/08/12,2022/10/02,1830,Scaffold
626935.0,626935.0,626935,0.0,GCA_003343495.1,3.56547,2018/05/23,2018/05/23,5243,Scaffold
626937.0,626937.0,626937,0.0,GCA_003628755.1,2.96929,2018/10/11,2022/04/02,2865,Complete Genome
626940.0,626940.0,626940,0.0,GCA_023497905.1,2.34597,2022/05/18,2022/05/22,2258,Chromosome
630129.0,630129.0,630129,0.0,GCA_009684555.1,2.44541,2019/11/20,2021/11/11,2140,Complete Genome
633701.0,633701.0,1127699,1.0,GCA_000318195.2,2.85349,2012/12/10,2022/10/06,2241,Scaffold
638617.0,638617.0,638617,0.0,GCA_900094965.1,2.04645,2016/08/03,2022/04/14,1612,Contig
649756.0,649756.0,649756,0.0,GCA_000210695.1,3.11479,2010/03/25,2022/04/05,3084,Chromosome
651661.0,651661.0,651661,0.0,GCA_900167945.1,6.73693,2017/03/08,2022/10/05,5696,Scaffold
658085.0,658085.0,658085,0.0,GCA_000218425.1,3.33956,2011/06/13,2014/01/09,3432,Scaffold
658086.0,658086.0,658086,0.0,GCA_000218405.2,7.71284,2011/06/13,2014/01/09,6599,Scaffold
658655.0,658655.0,658655,0.0,GCA_000218385.1,3.2339,2011/06/13,2014/01/09,3249,Scaffold
658659.0,658659.0,658659,0.0,GCA_000165065.1,4.4862,2010/10/18,2014/01/09,4260,Scaffold
658661.0,658661.0,658661,0.0,GCA_000307475.1,5.16057,2012/10/19,2022/10/06,4361,Scaffold
658665.0,658665.0,658665,0.0,GCA_001185345.2,3.90422,2015/07/22,2022/07/29,3738,Scaffold
665949.0,665949.0,665949,0.0,GCA_000238695.1,3.86797,2011/12/16,2014/01/09,3276,Scaffold
665950.0,665950.0,665950,0.0,GCA_000209405.1,3.11822,2011/04/25,2014/01/09,2994,Scaffold
671266.0,671266.0,671266,0.0,GCA_910574675.1,2.93139,2021/07/06,2022/07/22,2472,Scaffold
671267.0,671267.0,671267,0.0,GCA_000403195.2,5.46421,2013/05/29,2022/08/10,4502,Scaffold
673548.0,673548.0,673548,0.0,GCA_001544075.1,4.71671,2016/01/15,2022/04/18,4364,Contig
674529.0,674529.0,674529,0.0,GCA_025914295.1,5.91365,2022/10/31,2022/11/01,4678,Chromosome
691816.0,691816.0,1236512,1.0,GCA_000614125.1,4.88449,2014/03/31,2022/10/05,4220,Contig
693988.0,693988.0,693988,0.0,GCA_000224655.1,4.61831,2011/08/29,2022/07/29,4082,Scaffold
712118.0,712118.0,1321775,1.0,GCA_000466265.1,2.46999,2013/09/10,2021/12/18,2167,Scaffold
712124.0,712124.0,888056,1.0,GCA_000220835.1,2.82817,2011/07/13,2022/07/07,2447,Scaffold
712411.0,712411.0,712411,0.0,GCA_001189515.2,3.21359,2015/07/31,2022/08/02,2789,Complete Genome
712430.0,712430.0,712430,0.0,GCA_018363925.1,1.6049,2021/05/16,2021/05/16,1599,Contig
712531.0,712531.0,879310,1.0,GCA_000183625.2,2.47507,2010/11/30,2022/08/01,2387,Contig
712888.0,712888.0,1227261,1.0,GCA_000466165.1,2.36601,2013/09/10,2021/12/18,2054,Scaffold
742723.0,742723.0,742723,0.0,GCA_000209385.2,2.21903,2011/04/25,2014/01/09,2137,Scaffold
745368.0,745368.0,745368,0.0,GCA_027662265.1,3.5669,2023/01/11,2023/01/13,3285,Scaffold
762209.0,762209.0,762209,0.0,GCA_008698085.1,2.79778,2019/09/25,2021/09/27,2294,Scaffold
762211.0,762211.0,762211,0.0,GCA_000741785.1,2.81286,2014/08/18,2022/02/16,2294,Contig
765821.0,765821.0,765821,0.0,GCA_905186155.1,2.43515,2021/03/05,2021/03/05,0,Chromosome
796942.0,796942.0,796942,0.0,GCA_000242235.1,2.31363,2012/01/10,2014/01/09,2141,Scaffold
867076.0,867076.0,867076,0.0,GCA_001447315.1,5.88479,2015/11/23,2022/10/09,5510,Complete Genome
871324.0,871324.0,871324,0.0,GCA_003463365.1,6.09291,2018/09/06,2022/09/03,4985,Scaffold
871325.0,871325.0,871325,0.0,GCA_900129065.1,4.80652,2016/12/02,2022/10/05,4040,Contig
876091.0,876091.0,876091,0.0,GCA_900066625.1,3.34632,2016/08/16,2016/08/16,3195,Scaffold
877414.0,877414.0,1898207,2.0,GCA_026416355.1,1.68279,2022/11/27,2022/11/27,1736,Contig
877415.0,877415.0,2049044,2.0,GCA_024684175.1,2.12991,2022/08/15,2022/08/15,2149,Contig
905011.0,905011.0,905011,0.0,GCA_900066655.1,3.26055,2016/08/16,2016/08/16,2899,Scaffold
908612.0,908612.0,908612,0.0,GCA_000183485.2,3.46461,2010/12/02,2022/07/17,2989,Contig
936548.0,936548.0,936548,0.0,GCA_000278725.1,2.4441,2012/07/16,2021/12/18,2083,Contig
938289.0,938289.0,938289,0.0,GCA_000308275.2,1.7139,2012/07/25,2022/03/31,1537,Scaffold
983706.0,983706.0,983706,0.0,GCA_008698125.1,2.83311,2019/09/25,2021/09/27,2314,Scaffold
999898.0,999898.0,999898,0.0,GCA_001029295.1,5.3063,2015/06/17,2015/09/02,5120,Contig
1005039.0,1005039.0,1005039,0.0,GCA_016200945.1,1.1366,2020/12/21,2020/12/21,1443,Scaffold
1042156.0,1042156.0,1042156,0.0,GCA_000270305.1,2.83574,2011/06/30,2022/03/31,2596,Complete Genome
1056816.0,1056816.0,1056816,0.0,GCA_000526215.1,8.788,2014/01/14,2022/07/29,7778,Contig
1074049.0,1074049.0,1074049,0.0,GCA_001190015.1,2.84374,2015/07/31,2015/07/31,3123,Scaffold
1078087.0,1078087.0,1078087,0.0,GCA_000969845.1,6.76155,2015/04/07,2022/07/29,5258,Scaffold
1095771.0,1095771.0,41978,2.0,GCA_024699505.1,2.8288,2022/08/15,2022/08/15,2661,Contig
1100700.0,1100700.0,1100700,0.0,GCA_001269405.1,4.77199,2015/08/08,2022/07/29,4312,Contig
1110389.0,1110389.0,565443,2.0,GCA_000193225.2,4.6818,2011/03/23,2022/01/29,4727,Contig
1111069.0,1111069.0,1111069,0.0,GCA_000236585.1,2.26349,2011/12/02,2022/07/29,2348,Complete Genome
1112213.0,1112213.0,1112213,0.0,GCA_000251145.2,4.76993,2012/03/07,2022/02/15,4564,Contig
1129792.0,1129792.0,1329250,1.0,GCA_000691805.2,2.12948,2014/05/01,2022/03/31,2237,Scaffold
1144317.0,1144317.0,1144317,0.0,GCA_000276605.1,7.08623,2012/07/09,2022/07/29,6807,Contig
1150298.0,1150298.0,1150298,0.0,GCA_001404555.1,3.79852,2015/10/01,2022/03/31,3623,Scaffold
1160721.0,1160721.0,1160721,0.0,GCA_000723465.1,2.9685,2014/01/06,2022/03/31,2794,Complete Genome
1161942.0,1161942.0,1161942,0.0,GCA_902381675.1,2.57321,2019/08/09,2022/04/02,2388,Chromosome
1163670.0,1163670.0,1163670,0.0,GCA_000526555.1,7.214,2014/01/14,2022/07/29,5484,Contig
1165092.0,1165092.0,1165092,0.0,GCA_000513555.1,3.59188,2014/01/06,2014/02/07,3234,Contig
1193532.0,1193532.0,1193532,0.0,GCA_900066805.1,2.99908,2016/08/16,2016/08/16,3044,Scaffold
1193534.0,1193534.0,1193534,0.0,GCA_900066825.1,3.81597,2016/08/16,2016/08/16,3970,Scaffold
1200721.0,1200721.0,1200721,0.0,GCA_900110975.1,2.35211,2016/10/29,2016/10/29,2047,Scaffold
1200751.0,1200751.0,1200751,0.0,GCA_900100595.1,3.05942,2016/10/17,2016/10/17,2960,Scaffold
1203566.0,1203566.0,1203566,0.0,GCA_000478015.1,2.54777,2013/10/21,2022/07/29,2385,Scaffold
1203593.0,1203593.0,1203593,0.0,GCA_000411535.1,2.07161,2013/06/13,2022/07/29,1906,Scaffold
1206458.0,1206458.0,1206458,0.0,GCA_000813185.1,5.36145,2014/11/26,2022/07/29,4951,Scaffold
1207055.0,1207055.0,1207055,0.0,GCA_000508185.1,4.77681,2013/12/16,2022/01/21,4679,Contig
1217694.0,1217694.0,1217694,0.0,GCA_000369645.1,4.04914,2013/04/16,2021/11/07,3841,Scaffold
1217704.0,1217704.0,1217704,0.0,GCA_000369425.1,3.19061,2013/04/16,2021/11/07,3088,Scaffold
1219382.0,1219382.0,1219382,0.0,GCA_021885265.1,2.57651,2022/02/02,2022/03/16,2507,Contig
1226325.0,1226325.0,2999072,2.0,GCA_026738875.1,4.09794,2022/12/07,2022/12/09,3880,Scaffold
1230734.0,1230734.0,1230734,0.0,GCA_000758905.1,1.53143,2014/09/26,2014/09/26,1205,Contig
1232428.0,1232428.0,1232428,0.0,GCA_020181515.1,2.61002,2021/09/30,2021/10/02,2429,Complete Genome
1232438.0,1232438.0,1898207,2.0,GCA_026416355.1,1.68279,2022/11/27,2022/11/27,1736,Contig
1232444.0,1232444.0,1898207,2.0,GCA_026416355.1,1.68279,2022/11/27,2022/11/27,1736,Contig
1232447.0,1232447.0,1898207,2.0,GCA_026416355.1,1.68279,2022/11/27,2022/11/27,1736,Contig
1232452.0,1232452.0,1898207,2.0,GCA_026416355.1,1.68279,2022/11/27,2022/11/27,1736,Contig
1232453.0,1232453.0,1898207,2.0,GCA_026416355.1,1.68279,2022/11/27,2022/11/27,1736,Contig
1232454.0,1232454.0,1898207,2.0,GCA_026416355.1,1.68279,2022/11/27,2022/11/27,1736,Contig
1232460.0,1232460.0,1898207,2.0,GCA_026416355.1,1.68279,2022/11/27,2022/11/27,1736,Contig
1235790.0,1235790.0,1235790,0.0,GCA_000403845.2,3.99687,2013/05/31,2022/08/02,3866,Scaffold
1235793.0,1235793.0,1235793,0.0,GCA_000403335.2,4.96761,2013/05/29,2013/06/14,4740,Scaffold
1235798.0,1235798.0,1235798,0.0,GCA_000403455.2,6.14581,2013/05/29,2022/08/02,6045,Scaffold
1235800.0,1235800.0,1235800,0.0,GCA_000403495.2,4.57165,2013/05/29,2013/06/14,4378,Scaffold
1235835.0,1235835.0,1235835,0.0,GCA_000403395.2,3.62038,2013/05/29,2022/07/29,3506,Scaffold
1235997.0,1235997.0,1235997,0.0,GCA_900106985.1,3.96151,2016/10/22,2022/08/13,3478,Contig
1261636.0,1261636.0,1261636,0.0,GCA_001940315.1,2.44798,2017/01/09,2022/04/01,2436,Contig
1261637.0,1261637.0,1261637,0.0,GCA_001940245.1,2.79817,2017/01/09,2022/04/01,2741,Contig
1262691.0,1262691.0,1262691,0.0,GCA_000437075.1,3.02425,2013/05/31,2015/01/30,2575,Scaffold
1262695.0,1262695.0,1262695,0.0,GCA_000433355.1,2.89469,2013/05/31,2015/01/30,2328,Scaffold
1262696.0,1262696.0,1262696,0.0,GCA_000431015.1,2.39197,2013/05/31,2015/01/30,1938,Scaffold
1262700.0,1262700.0,1262700,0.0,GCA_000433975.1,1.88108,2013/05/31,2015/01/30,1744,Scaffold
1262703.0,1262703.0,1262703,0.0,GCA_000437015.1,2.44333,2013/05/31,2015/01/30,2269,Scaffold
1262708.0,1262708.0,1262708,0.0,GCA_000437335.1,1.4016,2013/05/31,2015/01/30,1421,Scaffold
1262736.0,1262736.0,1262736,0.0,GCA_000434215.1,2.46752,2013/05/31,2015/01/30,2148,Scaffold
1262741.0,1262741.0,1262741,0.0,GCA_000434735.1,3.36642,2013/05/31,2015/01/30,2712,Scaffold
1262742.0,1262742.0,1262742,0.0,GCA_000432515.1,2.70275,2013/05/31,2015/01/30,2225,Scaffold
1262748.0,1262748.0,1262748,0.0,GCA_000434935.1,2.72682,2013/05/31,2015/01/30,2217,Scaffold
1262751.0,1262751.0,1262751,0.0,GCA_000435075.1,2.63477,2013/05/31,2015/01/30,2127,Scaffold
1262755.0,1262755.0,1262755,0.0,GCA_000436615.1,2.89819,2013/05/31,2015/01/30,2653,Scaffold
1262756.0,1262756.0,1262756,0.0,GCA_000433815.1,2.86624,2013/05/31,2015/01/30,2542,Scaffold
1262761.0,1262761.0,1262761,0.0,GCA_000431815.1,2.31239,2013/05/31,2015/01/30,2157,Scaffold
1262767.0,1262767.0,1262767,0.0,GCA_000437715.1,2.01808,2013/05/31,2015/01/30,2013,Scaffold
1262769.0,1262769.0,1262769,0.0,GCA_000432995.1,2.70463,2013/05/31,2015/01/30,2478,Scaffold
1262770.0,1262770.0,1262770,0.0,GCA_000432015.1,2.00453,2013/05/31,2015/01/30,1946,Scaffold
1262774.0,1262774.0,1262774,0.0,GCA_000432475.1,2.74406,2013/05/31,2015/01/30,2489,Scaffold
1262775.0,1262775.0,1262775,0.0,GCA_000435055.1,1.97925,2013/05/31,2015/01/30,1795,Scaffold
1262777.0,1262777.0,1262777,0.0,GCA_000433735.1,2.16736,2013/05/31,2015/01/30,2015,Scaffold
1262778.0,1262778.0,1262778,0.0,GCA_000435195.1,2.04867,2013/05/31,2015/01/30,2010,Scaffold
1262779.0,1262779.0,1262779,0.0,GCA_000436335.1,1.89694,2013/05/31,2015/01/30,1787,Scaffold
1262784.0,1262784.0,1262784,0.0,GCA_000435175.1,1.45695,2013/05/31,2015/01/30,1366,Scaffold
1262788.0,1262788.0,1262788,0.0,GCA_000437875.1,1.56201,2013/05/31,2015/01/30,1572,Scaffold
1262790.0,1262790.0,1262790,0.0,GCA_000438095.1,3.01538,2013/05/31,2015/01/30,2715,Scaffold
1262792.0,1262792.0,1262792,0.0,GCA_000435655.1,2.7251,2013/05/31,2015/01/30,2474,Scaffold
1262793.0,1262793.0,1262793,0.0,GCA_000431795.1,1.24129,2013/05/31,2015/01/30,1281,Scaffold
1262796.0,1262796.0,1262796,0.0,GCA_000431335.1,1.42985,2013/05/31,2015/01/30,1475,Scaffold
1262797.0,1262797.0,1262797,0.0,GCA_000432975.1,1.47299,2013/05/31,2015/01/30,1391,Scaffold
1262799.0,1262799.0,1262799,0.0,GCA_000437455.1,1.66721,2013/05/31,2015/01/30,1739,Scaffold
1262801.0,1262801.0,1262801,0.0,GCA_000438255.1,1.46526,2013/05/31,2015/01/30,1434,Scaffold
1262803.0,1262803.0,1262803,0.0,GCA_000431775.1,2.46512,2013/05/31,2015/01/30,2232,Scaffold
1262804.0,1262804.0,1262804,0.0,GCA_000432835.1,1.2679,2013/05/31,2015/01/30,1323,Scaffold
1262805.0,1262805.0,1262805,0.0,GCA_000434655.1,2.61894,2013/05/31,2015/01/30,2301,Scaffold
1262806.0,1262806.0,1262806,0.0,GCA_000433675.1,1.34741,2013/05/31,2015/01/30,1341,Scaffold
1262809.0,1262809.0,1262809,0.0,GCA_000438295.1,1.30057,2013/05/31,2015/01/30,1356,Scaffold
1262810.0,1262810.0,1262810,0.0,GCA_000434035.1,1.24826,2013/05/31,2015/01/30,1348,Scaffold
1262812.0,1262812.0,1262812,0.0,GCA_000437115.1,1.57945,2013/05/31,2015/01/30,1564,Scaffold
1262813.0,1262813.0,1262813,0.0,GCA_000434335.1,1.21082,2013/05/31,2015/01/30,1121,Scaffold
1262815.0,1262815.0,1262815,0.0,GCA_000435755.1,1.09975,2013/05/31,2015/01/30,1109,Scaffold
1262816.0,1262816.0,1262816,0.0,GCA_000434615.1,2.76714,2013/05/31,2015/01/30,2576,Scaffold
1262818.0,1262818.0,1262818,0.0,GCA_000434495.1,0.997205,2013/05/31,2015/01/30,1001,Scaffold
1262822.0,1262822.0,1262822,0.0,GCA_000434015.1,1.54294,2013/05/31,2015/01/30,1650,Scaffold
1262824.0,1262824.0,1262824,0.0,GCA_000435795.1,2.85568,2013/05/31,2015/01/30,2695,Scaffold
1262825.0,1262825.0,1262825,0.0,GCA_000431135.1,2.63756,2013/05/31,2015/01/30,2376,Scaffold
1262826.0,1262826.0,1262826,0.0,GCA_000434835.1,1.14438,2013/05/31,2015/01/30,1225,Scaffold
1262828.0,1262828.0,1262828,0.0,GCA_000436175.1,2.70565,2013/05/31,2015/01/30,2484,Scaffold
1262829.0,1262829.0,1262829,0.0,GCA_000438415.1,1.07964,2013/05/31,2015/01/30,1124,Scaffold
1262830.0,1262830.0,1262830,0.0,GCA_000431515.1,2.46247,2013/05/31,2015/01/30,2254,Scaffold
1262832.0,1262832.0,1262832,0.0,GCA_000431375.1,3.32157,2013/05/31,2015/01/30,2940,Scaffold
1262833.0,1262833.0,1262833,0.0,GCA_000432595.1,1.15261,2013/05/31,2015/01/30,1204,Scaffold
1262836.0,1262836.0,1262836,0.0,GCA_000432555.1,2.58587,2013/05/31,2015/01/30,2316,Scaffold
1262837.0,1262837.0,1262837,0.0,GCA_000432575.1,1.11405,2013/05/31,2015/01/30,1150,Scaffold
1262839.0,1262839.0,1262839,0.0,GCA_000434195.1,1.26426,2013/05/31,2015/01/30,1218,Scaffold
1262845.0,1262845.0,1262845,0.0,GCA_000435355.1,2.2063,2013/05/31,2015/01/30,1979,Scaffold
1262846.0,1262846.0,1262846,0.0,GCA_000437895.1,1.25621,2013/05/31,2015/01/30,1284,Scaffold
1262847.0,1262847.0,1262847,0.0,GCA_000433135.1,1.46663,2013/05/31,2015/01/30,1372,Scaffold
1262848.0,1262848.0,1262848,0.0,GCA_000435335.1,2.11109,2013/05/31,2015/01/30,1896,Scaffold
1262868.0,1262868.0,1262868,0.0,GCA_000435475.1,1.93129,2013/05/31,2015/01/30,1682,Scaffold
1262869.0,1262869.0,1262869,0.0,GCA_000435155.1,1.9714,2013/05/31,2015/01/30,1843,Scaffold
1262870.0,1262870.0,1262870,0.0,GCA_000434475.1,2.19341,2013/05/31,2015/01/30,1969,Scaffold
1262872.0,1262872.0,1262872,0.0,GCA_000433215.1,2.41287,2013/05/31,2015/01/30,2184,Scaffold
1262874.0,1262874.0,1262874,0.0,GCA_000431675.1,2.23077,2013/05/31,2015/01/30,1978,Scaffold
1262875.0,1262875.0,1262875,0.0,GCA_000436075.1,1.87427,2013/05/31,2015/01/30,1771,Scaffold
1262876.0,1262876.0,1262876,0.0,GCA_000435675.1,1.78846,2013/05/31,2015/01/30,1626,Scaffold
1262878.0,1262878.0,1262878,0.0,GCA_000436675.1,2.56005,2013/05/31,2015/01/30,2323,Scaffold
1262880.0,1262880.0,1262880,0.0,GCA_000434315.1,2.45045,2013/05/31,2015/01/30,2115,Scaffold
1262881.0,1262881.0,1262881,0.0,GCA_000432355.1,2.51523,2013/05/31,2015/01/30,2224,Scaffold
1262882.0,1262882.0,1262882,0.0,GCA_000432435.1,1.88217,2013/05/31,2015/01/30,1789,Scaffold
1262883.0,1262883.0,1262883,0.0,GCA_000435815.1,2.19572,2013/05/31,2015/01/30,1846,Scaffold
1262884.0,1262884.0,1262884,0.0,GCA_000436775.1,1.97412,2013/05/31,2015/01/30,1854,Scaffold
1262886.0,1262886.0,1262886,0.0,GCA_000436835.1,1.87386,2013/05/31,2015/01/30,1755,Scaffold
1262887.0,1262887.0,1262887,0.0,GCA_000436535.1,2.833,2013/05/31,2015/01/30,2358,Scaffold
1262888.0,1262888.0,1262888,0.0,GCA_000432155.1,2.18701,2013/05/31,2015/01/30,2044,Scaffold
1262889.0,1262889.0,1262889,0.0,GCA_000437735.1,2.72995,2013/05/31,2015/01/30,2466,Scaffold
1262893.0,1262893.0,1262893,0.0,GCA_000432175.1,2.67379,2013/05/31,2015/01/30,2535,Scaffold
1262894.0,1262894.0,1262894,0.0,GCA_000437375.1,1.78145,2013/05/31,2015/01/30,1689,Scaffold
1262895.0,1262895.0,1262895,0.0,GCA_000431735.1,2.44843,2013/05/31,2015/01/30,2208,Scaffold
1262897.0,1262897.0,1262897,0.0,GCA_000437595.1,2.91596,2013/05/31,2015/01/30,2510,Scaffold
1262898.0,1262898.0,1262898,0.0,GCA_000434595.1,2.06751,2013/05/31,2015/01/30,1895,Scaffold
1262907.0,1262907.0,1262907,0.0,GCA_000433455.1,1.40883,2013/05/31,2015/01/30,1429,Scaffold
1262910.0,1262910.0,1262910,0.0,GCA_000436875.1,2.27738,2013/05/31,2015/01/30,2173,Scaffold
1262911.0,1262911.0,1262911,0.0,GCA_000435975.1,1.97048,2013/05/31,2015/01/30,1861,Scaffold
1262913.0,1262913.0,1262913,0.0,GCA_000436495.1,3.49524,2013/05/31,2015/01/30,2871,Scaffold
1262914.0,1262914.0,1262914,0.0,GCA_000436295.1,2.37128,2013/05/31,2020/08/03,2277,Scaffold
1262915.0,1262915.0,1262915,0.0,GCA_000436095.1,1.82032,2013/05/31,2015/01/30,1822,Scaffold
1262919.0,1262919.0,1262919,0.0,GCA_000436915.1,3.09505,2013/05/31,2015/01/30,2564,Scaffold
1262924.0,1262924.0,1262924,0.0,GCA_000437795.1,2.42402,2013/05/31,2015/01/30,2117,Scaffold
1262925.0,1262925.0,1262925,0.0,GCA_000431915.1,2.61899,2013/05/31,2015/01/30,2174,Scaffold
1262929.0,1262929.0,1262929,0.0,GCA_000434975.1,2.76159,2013/05/31,2015/01/30,2221,Scaffold
1262930.0,1262930.0,1262930,0.0,GCA_000434455.1,2.87061,2013/05/31,2015/01/30,2355,Scaffold
1262932.0,1262932.0,1262932,0.0,GCA_000434515.1,2.54424,2013/05/31,2015/01/30,2105,Scaffold
1262934.0,1262934.0,1262934,0.0,GCA_000436035.1,2.98301,2013/05/31,2015/01/30,2445,Scaffold
1262942.0,1262942.0,1262942,0.0,GCA_000438375.1,2.66206,2013/05/31,2015/01/30,2544,Scaffold
1262943.0,1262943.0,1262943,0.0,GCA_000434275.1,2.61318,2013/05/31,2015/01/30,2440,Scaffold
1262944.0,1262944.0,1262944,0.0,GCA_000437755.1,2.70571,2013/05/31,2015/01/30,2430,Scaffold
1262946.0,1262946.0,1262946,0.0,GCA_000432755.1,2.85574,2013/05/31,2015/01/30,2517,Scaffold
1262948.0,1262948.0,1262948,0.0,GCA_000437095.1,2.68984,2013/05/31,2015/01/30,2369,Scaffold
1262952.0,1262952.0,1262952,0.0,GCA_000436215.1,2.11456,2013/05/31,2015/01/30,1976,Scaffold
1262953.0,1262953.0,1262953,0.0,GCA_000433635.1,2.2454,2013/05/31,2015/01/30,2000,Scaffold
1262954.0,1262954.0,1262954,0.0,GCA_000437175.1,2.4746,2013/05/31,2015/01/30,2281,Scaffold
1262957.0,1262957.0,1262957,0.0,GCA_000433115.1,1.9463,2013/05/31,2015/01/30,1888,Scaffold
1262959.0,1262959.0,1262959,0.0,GCA_000434055.1,2.20639,2013/05/31,2015/01/30,1998,Scaffold
1262961.0,1262961.0,1262961,0.0,GCA_000434915.1,2.29061,2013/05/31,2015/01/30,2087,Scaffold
1262966.0,1262966.0,1262966,0.0,GCA_000432075.1,1.78937,2013/05/31,2015/01/30,1665,Scaffold
1262974.0,1262974.0,1262974,0.0,GCA_000431835.1,2.25417,2013/05/31,2015/01/30,2009,Scaffold
1262988.0,1262988.0,1262988,0.0,GCA_000438155.1,3.08932,2013/05/31,2015/01/30,2793,Scaffold
1262989.0,1262989.0,1262989,0.0,GCA_000435395.1,2.55062,2013/05/31,2015/01/30,2448,Scaffold
1262991.0,1262991.0,1262991,0.0,GCA_000435595.1,2.91581,2013/05/31,2015/01/30,2598,Scaffold
1262992.0,1262992.0,1262992,0.0,GCA_000431575.1,1.86694,2013/05/31,2015/01/30,1751,Scaffold
1262993.0,1262993.0,1262993,0.0,GCA_000431495.1,2.43531,2013/05/31,2015/01/30,2210,Scaffold
1262997.0,1262997.0,1262997,0.0,GCA_000435515.1,1.28811,2013/05/31,2015/01/30,1321,Scaffold
1262998.0,1262998.0,1262998,0.0,GCA_000436415.1,2.09004,2013/05/31,2015/01/30,2065,Scaffold
1262999.0,1262999.0,1262999,0.0,GCA_000432375.1,1.8789,2013/05/31,2015/01/30,1847,Scaffold
1263000.0,1263000.0,1263000,0.0,GCA_000434635.1,2.50291,2013/05/31,2015/01/30,2345,Scaffold
1263001.0,1263001.0,1263001,0.0,GCA_000435295.1,2.3397,2013/05/31,2015/01/30,2254,Scaffold
1263002.0,1263002.0,1263002,0.0,GCA_000432135.1,2.53891,2013/05/31,2015/01/30,2397,Scaffold
1263003.0,1263003.0,1263003,0.0,GCA_000433195.1,1.76213,2013/05/31,2015/01/30,1661,Scaffold
1263004.0,1263004.0,1263004,0.0,GCA_000435995.1,2.7525,2013/05/31,2015/01/30,2384,Scaffold
1263005.0,1263005.0,1263005,0.0,GCA_000435715.1,2.06605,2013/05/31,2015/01/30,1995,Scaffold
1263006.0,1263006.0,1263006,0.0,GCA_000436735.1,2.46017,2013/05/31,2015/01/30,2265,Scaffold
1263007.0,1263007.0,1263007,0.0,GCA_000435555.1,1.5914,2013/05/31,2015/01/30,1535,Scaffold
1263008.0,1263008.0,1263008,0.0,GCA_000432915.1,2.59141,2013/05/31,2015/01/30,2337,Scaffold
1263010.0,1263010.0,1263010,0.0,GCA_000436935.1,2.69151,2013/05/31,2015/01/30,2310,Scaffold
1263011.0,1263011.0,1263011,0.0,GCA_000435615.1,2.11826,2013/05/31,2015/01/30,2033,Scaffold
1263012.0,1263012.0,1263012,0.0,GCA_000431875.1,2.83098,2013/05/31,2015/01/30,2554,Scaffold
1263013.0,1263013.0,1263013,0.0,GCA_000436275.1,1.97356,2013/05/31,2015/01/30,1951,Scaffold
1263018.0,1263018.0,1263018,0.0,GCA_000437695.1,1.21483,2013/05/31,2015/01/30,1251,Scaffold
1263019.0,1263019.0,1263019,0.0,GCA_000434995.1,1.73717,2013/05/31,2015/01/30,1625,Scaffold
1263027.0,1263027.0,1263027,0.0,GCA_000436115.1,2.68237,2013/05/31,2015/01/30,2525,Scaffold
1263029.0,1263029.0,1263029,0.0,GCA_000435495.1,1.35693,2013/05/31,2015/01/30,1211,Scaffold
1263032.0,1263032.0,1263032,0.0,GCA_000432855.1,1.34441,2013/05/31,2015/01/30,1414,Scaffold
1263040.0,1263040.0,1263040,0.0,GCA_000435315.1,3.14203,2013/05/31,2015/01/30,2511,Scaffold
1263048.0,1263048.0,1263048,0.0,GCA_000437135.1,4.77659,2013/05/31,2015/01/30,3540,Scaffold
1263051.0,1263051.0,1263051,0.0,GCA_000434155.1,2.53473,2013/05/31,2015/01/30,2311,Scaffold
1263052.0,1263052.0,1263052,0.0,GCA_000433715.1,3.2765,2013/05/31,2015/01/30,2691,Scaffold
1263062.0,1263062.0,1263062,0.0,GCA_000432395.1,2.09032,2013/05/31,2015/01/30,2008,Scaffold
1263071.0,1263071.0,1263071,0.0,GCA_000433295.1,2.79971,2013/05/31,2015/01/30,2444,Scaffold
1263072.0,1263072.0,1263072,0.0,GCA_000433275.1,1.77358,2013/05/31,2015/01/30,1734,Scaffold
1263095.0,1263095.0,1263095,0.0,GCA_000436895.1,3.65222,2013/05/31,2015/01/30,2889,Scaffold
1273103.0,1273103.0,1273103,0.0,GCA_000417505.1,2.61528,2013/07/02,2022/08/02,2707,Contig
1285191.0,1285191.0,1285191,0.0,GCA_001592105.1,2.98106,2016/03/01,2022/02/13,3078,Contig
1285585.0,1285585.0,1285585,0.0,GCA_000417525.1,2.65648,2013/07/02,2022/08/02,2767,Contig
1287303.0,1287303.0,1287303,0.0,GCA_000502715.1,5.99087,2013/12/03,2022/04/17,5861,Contig
1287308.0,1287308.0,1287308,0.0,GCA_000503095.1,6.46545,2013/12/03,2022/04/17,6327,Contig
1288121.0,1288121.0,1288121,0.0,GCA_020735725.1,4.02329,2021/11/03,2021/11/05,3234,Complete Genome
1297617.0,1297617.0,1297617,0.0,GCA_004154955.1,3.22451,2019/02/11,2022/04/06,3228,Complete Genome
1299998.0,1299998.0,1299998,0.0,GCA_001494635.1,2.46956,2016/01/05,2022/01/26,2154,Contig
1305734.0,1305734.0,1869339,2.0,GCA_027532105.1,3.80551,2023/01/02,2023/01/02,4567,Contig
1321780.0,1321780.0,1321781,1.0,GCA_000469545.1,2.31336,2013/09/19,2022/07/29,2183,Scaffold
1321783.0,1321783.0,1321784,1.0,GCA_000467935.1,2.08825,2013/09/16,2014/01/09,2372,Scaffold
1327635.0,1327635.0,1327635,0.0,GCA_002796605.1,5.03848,2017/11/27,2022/01/06,4639,Complete Genome
1333651.0,1333651.0,1333651,0.0,GCA_005405765.1,2.59608,2019/04/17,2022/04/13,2211,Contig
1335613.0,1335613.0,1335613,0.0,GCA_902386185.1,3.29487,2019/08/09,2021/12/16,2860,Complete Genome
1335760.0,1335760.0,1335760,0.0,GCA_000412635.1,3.8001,2013/06/20,2022/02/16,3780,Contig
1347392.0,1347392.0,1347392,0.0,GCA_902375335.1,3.1966,2019/08/16,2022/04/19,3293,Scaffold
1348429.0,1348429.0,1348429,0.0,GCA_002335525.1,3.90805,2017/09/12,2021/12/12,4048,Scaffold
1354301.0,1354301.0,1354301,0.0,GCA_000447315.1,4.77623,2013/08/15,2022/03/31,4580,Contig
1365007.0,1365007.0,1365007,0.0,GCA_000470315.2,4.80175,2013/09/01,2022/03/08,4166,Scaffold
1378168.0,1378168.0,1378168,0.0,GCA_000492175.2,3.66593,2022/06/15,2022/06/15,3589,Complete Genome
1392836.0,1392836.0,1392836,0.0,GCA_000875945.1,3.20162,2015/02/13,2015/02/13,2972,Scaffold
1400053.0,1400053.0,1400053,0.0,GCA_000473305.1,2.65725,2013/09/30,2014/02/14,2356,Complete Genome
1406431.0,1406431.0,1406431,0.0,GCA_001028775.2,6.06668,2015/06/16,2021/11/22,5550,Contig
1408310.0,1408310.0,1408310,0.0,GCA_000619825.1,3.38401,2014/04/08,2022/07/29,2804,Scaffold
1410621.0,1410621.0,1898203,2.0,GCA_026338065.1,4.22281,2022/11/23,2022/11/23,3709,Scaffold
1410631.0,1410631.0,1898203,2.0,GCA_026338065.1,4.22281,2022/11/23,2022/11/23,3709,Scaffold
1419876.0,1419876.0,1419876,0.0,GCA_000503195.1,4.06741,2013/12/03,2014/05/08,3873,Contig
1432052.0,1432052.0,1432052,0.0,GCA_027682485.1,7.66331,2023/01/12,2023/01/13,6719,Scaffold
1457233.0,1457233.0,1457233,0.0,GCA_002797815.1,4.03793,2017/11/28,2022/10/06,3669,Contig
1460650.0,1460650.0,2998083,2.0,GCA_027853835.1,3.96381,2023/01/14,2023/01/16,3888,Scaffold
1463827.0,1463827.0,1463827,0.0,GCA_000717635.1,8.11953,2014/07/02,2022/01/13,7179,Contig
1463860.0,1463860.0,1463860,0.0,GCA_000721515.1,8.9034,2014/07/02,2022/01/13,8126,Contig
1465490.0,1465490.0,1465490,0.0,GCA_015069765.1,7.59355,2020/10/28,2020/11/03,8947,Scaffold
1465754.0,1465754.0,1465754,0.0,GCA_902376165.1,3.48896,2019/08/16,2022/09/29,2768,Scaffold
1470345.0,1470345.0,1470345,0.0,GCA_000513195.1,7.01722,2013/11/26,2022/10/05,5656,Contig
1470347.0,1470347.0,1470347,0.0,GCA_902374895.1,2.77282,2019/08/16,2022/09/29,2278,Contig
1472761.0,1472761.0,1472761,0.0,GCA_002159295.1,2.36674,2017/05/30,2022/02/22,2029,Contig
1473216.0,1473216.0,1473216,0.0,GCA_902374535.1,2.39802,2019/08/12,2022/10/02,1996,Scaffold
1476973.0,1476973.0,1904861,2.0,GCA_025210335.1,3.28304,2022/09/14,2022/09/14,2957,Contig
1497953.0,1497953.0,1497953,0.0,GCA_001552775.1,1.86401,2016/02/08,2016/02/08,1848,Scaffold
1499681.0,1499681.0,2849179,2.0,GCA_019041915.1,2.2428,2021/06/27,2022/08/02,1981,Contig
1499684.0,1499684.0,2126740,2.0,GCA_027723425.1,3.26925,2023/01/11,2023/01/14,3015,Scaffold
1504822.0,1504822.0,1869227,2.0,GCA_027623425.1,1.86492,2023/01/09,2023/01/09,1851,Contig
1504823.0,1504823.0,1869227,2.0,GCA_027623425.1,1.86492,2023/01/09,2023/01/09,1851,Contig
1506471.0,1506471.0,1506471,0.0,GCA_001182045.1,2.47688,2015/06/17,2021/12/20,2223,Contig
1506994.0,1506994.0,1506994,0.0,GCA_000703165.1,4.47091,2014/06/11,2022/07/29,4066,Contig
1514105.0,1514105.0,1514105,0.0,GCA_001545095.1,2.51149,2016/02/02,2022/10/09,2384,Complete Genome
1520808.0,1520808.0,1520808,0.0,GCA_900102515.1,4.19479,2016/10/17,2022/07/29,3799,Scaffold
1520815.0,1520815.0,1520815,0.0,GCA_900113995.1,2.63601,2016/10/31,2016/10/31,2552,Scaffold
1520820.0,1520820.0,1520820,0.0,GCA_900116395.1,2.48114,2016/11/02,2016/11/02,2291,Scaffold
1520827.0,1520827.0,1520827,0.0,GCA_900115795.1,2.72198,2016/10/30,2016/10/30,2637,Scaffold
1527607.0,1527607.0,1527607,0.0,GCA_900103645.1,3.71591,2016/10/20,2022/04/19,3463,Contig
1528099.0,1528099.0,1528099,0.0,GCA_900610365.2,1.87701,2019/08/15,2022/03/23,1649,Chromosome
1531429.0,1531429.0,1531429,0.0,GCA_000814825.1,1.96709,2015/01/06,2022/03/10,1735,Complete Genome
1538295.0,1538295.0,1538295,0.0,GCA_000768065.1,5.02097,2014/10/23,2022/07/29,4421,Contig
1540221.0,1540221.0,1540221,0.0,GCA_000745175.1,3.16952,2014/08/28,2022/07/29,3148,Contig
1549812.0,1549812.0,1549812,0.0,GCA_000740675.1,5.32616,2014/08/15,2021/11/22,4796,Scaffold
1549858.0,1549858.0,1549858,0.0,GCA_000764535.1,4.0619,2014/10/08,2022/04/18,3799,Complete Genome
1550024.0,1550024.0,1550024,0.0,GCA_900683755.1,4.41985,2019/02/19,2022/04/02,4236,Complete Genome
1572656.0,1572656.0,1572656,0.0,GCA_002119605.1,2.06999,2017/05/09,2017/05/09,2047,Complete Genome
1574262.0,1574262.0,1574262,0.0,GCA_001578585.1,2.57649,2016/03/02,2022/07/29,2332,Scaffold
1574263.0,1574263.0,1658109,2.0,GCA_001244545.1,3.59419,2015/06/27,2022/07/29,3641,Scaffold
1581050.0,1581050.0,1581050,0.0,GCA_001815935.1,2.3806,2016/10/17,2022/08/02,2227,Scaffold
1581119.0,1581119.0,1581119,0.0,GCA_001807265.1,2.41162,2016/10/17,2022/08/01,2334,Scaffold
1585974.0,1585974.0,1585974,0.0,GCA_000829905.1,2.85059,2015/01/23,2022/03/31,2818,Contig
1588754.0,1588754.0,1588754,0.0,GCA_001553355.1,1.5936,2016/02/08,2016/02/08,1658,Scaffold
1598147.0,1598147.0,1598147,0.0,GCA_002009235.1,3.49589,2017/03/02,2022/04/19,3465,Complete Genome
1602169.0,1602169.0,1602169,0.0,GCA_000833975.1,3.31937,2015/02/09,2022/10/06,2632,Contig
1603886.0,1603886.0,1603886,0.0,GCA_014898175.1,2.9651,2020/10/20,2021/10/25,2378,Complete Genome
1618571.0,1618571.0,2026804,2.0,GCA_026394855.1,0.835613,2022/11/24,2022/11/24,1094,Scaffold
1618916.0,1618916.0,2026774,2.0,GCA_016203935.1,1.00016,2020/12/21,2020/12/21,1015,Contig
1622071.0,1622071.0,1622071,0.0,GCA_900240235.1,3.04469,2017/12/06,2022/08/18,2577,Contig
1622075.0,1622075.0,1622075,0.0,GCA_001457795.1,1.81871,2015/10/28,2022/01/26,1641,Scaffold
1629719.0,1629719.0,1629719,0.0,GCA_000961765.1,4.51287,2015/03/24,2015/03/24,4391,Contig
1631871.0,1631871.0,1631871,0.0,GCA_001932615.1,2.14954,2017/01/04,2022/10/09,2161,Complete Genome
1633135.0,1633135.0,1633135,0.0,GCA_001707885.1,4.52325,2016/08/18,2022/05/01,4476,Contig
1637505.0,1637505.0,1564681,2.0,GCA_001483965.1,2.6144,2016/01/04,2022/10/09,2512,Complete Genome
1637507.0,1637507.0,2698,3.0,GCA_014502795.1,4.1479,2020/09/09,2022/04/03,4216,Contig
1637509.0,1637509.0,2919387,2.0,GCA_027854675.1,3.99339,2023/01/14,2023/01/16,3946,Contig
1637511.0,1637511.0,3016008,2.0,GCA_027854055.1,5.25965,2023/01/14,2023/01/16,4307,Contig
1638786.0,1638786.0,41978,2.0,GCA_024699505.1,2.8288,2022/08/15,2022/08/15,2661,Contig
1640515.0,1640515.0,1640515,0.0,GCA_001443485.1,2.53567,2015/11/13,2015/11/17,2645,Scaffold
1650661.0,1650661.0,1650661,0.0,GCA_001244495.1,3.45378,2015/06/19,2022/03/31,3435,Scaffold
1650663.0,1650663.0,1650663,0.0,GCA_001486665.1,3.82951,2015/11/29,2022/03/31,3695,Scaffold
1653434.0,1653434.0,1653434,0.0,GCA_023008365.1,3.20072,2022/04/15,2022/04/22,3076,Complete Genome
1653435.0,1653435.0,1653435,0.0,GCA_027692785.1,3.4685,2023/01/12,2023/01/13,3505,Scaffold
1655593.0,1655593.0,1655593,0.0,GCA_001438145.1,2.6489,2015/11/06,2015/11/06,2498,Contig
1658109.0,1658109.0,1658109,0.0,GCA_001244545.1,3.59419,2015/06/27,2022/07/29,3641,Scaffold
1671629.0,1671629.0,2053627,2.0,GCA_003535015.1,2.11193,2018/09/10,2018/09/10,2215,Scaffold
1671652.0,1671652.0,1898207,2.0,GCA_026416355.1,1.68279,2022/11/27,2022/11/27,1736,Contig
1673717.0,1673717.0,1673717,0.0,GCA_001261775.1,3.51175,2015/07/03,2022/03/31,3109,Scaffold
1673720.0,1673720.0,1673720,0.0,GCA_900199635.1,3.14595,2017/11/23,2022/04/01,2935,Scaffold
1673721.0,1673721.0,1673721,0.0,GCA_900626285.1,3.75713,2018/12/05,2022/03/29,3687,Scaffold
1674828.0,1674828.0,2030927,2.0,GCA_027858135.1,3.71746,2023/01/15,2023/01/15,3420,Contig
1674843.0,1674843.0,1898207,2.0,GCA_026416355.1,1.68279,2022/11/27,2022/11/27,1736,Contig
1679444.0,1679444.0,1679444,0.0,GCA_900097105.1,3.07408,2016/10/27,2022/04/19,2571,Complete Genome
1697781.0,1697781.0,2044939,2.0,GCA_026416815.1,4.78398,2022/11/27,2022/11/27,3904,Contig
1697787.0,1697787.0,2044939,2.0,GCA_026416815.1,4.78398,2022/11/27,2022/11/27,3904,Contig
1697792.0,1697792.0,2044939,2.0,GCA_026416815.1,4.78398,2022/11/27,2022/11/27,3904,Contig
1697794.0,1697794.0,2044939,2.0,GCA_026416815.1,4.78398,2022/11/27,2022/11/27,3904,Contig
1702221.0,1702221.0,1702221,0.0,GCA_001564455.1,2.54249,2016/02/22,2022/10/09,2450,Complete Genome
1703332.0,1703332.0,1703332,0.0,GCA_027680745.1,3.71254,2023/01/12,2023/01/13,3367,Scaffold
1703345.0,1703345.0,1703345,0.0,GCA_002077945.1,10.0583,2017/04/03,2022/10/06,7920,Contig
1712665.0,1712665.0,1712665,0.0,GCA_002735305.1,2.85862,2017/10/28,2022/04/01,2668,Contig
1715004.0,1715004.0,1715004,0.0,GCA_001641065.1,3.90396,2016/05/09,2016/05/09,3720,Scaffold
1720194.0,1720194.0,1720194,0.0,GCA_001517625.2,3.41276,2016/01/15,2022/04/01,3236,Scaffold
1720204.0,1720204.0,1720204,0.0,GCA_902375985.1,2.83645,2019/08/16,2022/01/24,2488,Contig
1720300.0,1720300.0,1720300,0.0,GCA_001487105.1,3.06989,2015/11/29,2022/03/31,2939,Scaffold
1720313.0,1720313.0,1720313,0.0,GCA_009876955.1,3.15512,2020/01/14,2022/04/03,3029,Scaffold
1723384.0,1723384.0,1723384,0.0,GCA_001457835.1,1.73938,2015/10/29,2022/03/31,1655,Scaffold
1736229.0,1736229.0,1736229,0.0,GCA_001421945.1,4.25253,2015/11/02,2022/04/12,4109,Scaffold
1736318.0,1736318.0,1736318,0.0,GCA_001422445.1,6.73587,2015/11/02,2022/07/29,6329,Scaffold
1737424.0,1737424.0,1737424,0.0,GCA_020735365.1,3.73279,2021/11/03,2021/11/05,3513,Complete Genome
1739394.0,1739394.0,1739394,0.0,GCA_001808555.1,2.12316,2016/10/17,2022/08/02,1754,Scaffold
1739422.0,1739422.0,1739422,0.0,GCA_001813525.1,2.18999,2016/10/17,2022/07/31,2161,Scaffold
1739529.0,1739529.0,1739529,0.0,GCA_001815465.1,2.26626,2016/10/17,2022/08/02,1867,Scaffold
1745713.0,1745713.0,1745713,0.0,GCA_900086725.1,4.21945,2016/05/13,2022/03/31,4048,Scaffold
1749074.0,1749074.0,1749074,0.0,GCA_001484045.1,0.64783,2016/01/04,2022/10/09,605,Complete Genome
1750560.0,1750560.0,1750560,0.0,GCA_900155425.1,5.01579,2017/01/05,2022/10/06,4156,Scaffold
1765219.0,1765219.0,1765219,0.0,GCA_014898155.1,2.92084,2020/10/20,2021/10/25,2373,Complete Genome
1776045.0,1776045.0,1776045,0.0,GCA_001517425.1,3.20801,2016/01/08,2022/03/31,3074,Contig
1776047.0,1776047.0,1776047,0.0,GCA_001517445.1,5.17616,2016/01/08,2016/01/09,4710,Contig
1776379.0,1776379.0,1776379,0.0,GCA_900079775.1,3.76511,2016/04/20,2022/10/06,2996,Scaffold
1776382.0,1776382.0,1776382,0.0,GCA_900048895.1,3.6716,2016/02/12,2022/03/31,3267,Scaffold
1776383.0,1776383.0,2999072,2.0,GCA_026738875.1,4.09794,2022/12/07,2022/12/09,3880,Scaffold
1776390.0,1776390.0,1776390,0.0,GCA_900088125.1,1.85157,2016/06/15,2022/04/18,1808,Contig
1776391.0,1776391.0,1776391,0.0,GCA_900106845.1,3.11248,2016/10/22,2022/03/31,3034,Scaffold
1776392.0,1776392.0,1776392,0.0,GCA_900624845.1,2.84957,2019/02/01,2022/03/27,3084,Contig
1777880.0,1777880.0,1777880,0.0,GCA_001578885.1,1.67681,2016/03/02,2021/12/14,1617,Scaffold
1778263.0,1778263.0,1778263,0.0,GCA_900044015.1,0.636713,2016/03/26,2021/12/15,579,Complete Genome
1780378.0,1780378.0,1898207,2.0,GCA_026416355.1,1.68279,2022/11/27,2022/11/27,1736,Contig
1780380.0,1780380.0,2049045,2.0,GCA_009782515.1,2.66968,2019/12/20,2022/05/12,2448,Contig
1781068.0,1781068.0,1781068,0.0,GCA_001641755.2,3.64302,2016/05/10,2021/12/21,3215,Contig
1792311.0,1792311.0,1792311,0.0,GCA_002252565.1,3.86318,2017/08/15,2022/04/01,3725,Contig
1796616.0,1796616.0,1796616,0.0,GCA_016696745.1,5.12858,2021/01/19,2022/04/04,4815,Chromosome
1796620.0,1796620.0,1796620,0.0,GCA_002201475.1,3.80291,2017/06/20,2022/10/09,3977,Chromosome
1797112.0,1797112.0,2042683,2.0,GCA_024694665.1,2.46275,2022/08/15,2022/08/15,2163,Contig
1798542.0,1798542.0,1798542,0.0,GCA_001818775.1,1.21874,2016/10/21,2016/10/21,1181,Scaffold
1805476.0,1805476.0,1805476,0.0,GCA_900078295.2,3.59262,2016/03/24,2022/08/02,3319,Scaffold
1805714.0,1805714.0,1805714,0.0,GCA_900155415.1,2.56019,2017/01/05,2017/01/05,0,Complete Genome
1807500.0,1807500.0,1807500,0.0,GCA_001594145.1,3.83821,2016/03/18,2016/05/24,3715,Contig
1807752.0,1807752.0,2030927,2.0,GCA_027858135.1,3.71746,2023/01/15,2023/01/15,3420,Contig
1807756.0,1807756.0,2030927,2.0,GCA_027858135.1,3.71746,2023/01/15,2023/01/15,3420,Contig
1816678.0,1816678.0,1816678,0.0,GCA_900087015.1,2.65085,2016/05/19,2022/03/31,2486,Contig
1816686.0,1816686.0,1816686,0.0,GCA_900155385.1,3.43564,2017/01/04,2022/01/26,3260,Scaffold
1816694.0,1816694.0,1816694,0.0,GCA_900086625.1,4.14415,2016/05/18,2022/03/31,3907,Contig
1825069.0,1825069.0,1825069,0.0,GCA_001623565.1,2.32279,2016/04/19,2022/10/09,2284,Complete Genome
1828555.0,1828555.0,3002521,2.0,GCA_027684505.1,2.9919,2023/01/12,2023/01/13,2872,Scaffold
1828556.0,1828556.0,3002521,2.0,GCA_027684505.1,2.9919,2023/01/12,2023/01/13,2872,Scaffold
1834196.0,1834196.0,1834196,0.0,GCA_001688665.2,7.22534,2016/07/20,2022/10/10,7269,Complete Genome
1834207.0,1834207.0,1834207,0.0,GCA_001688965.2,4.4683,2016/07/20,2017/04/19,4430,Complete Genome
1841856.0,1841856.0,1841856,0.0,GCA_900128455.1,4.0757,2016/11/25,2022/10/05,3443,Scaffold
1841863.0,1841863.0,1841863,0.0,GCA_902386835.1,3.94817,2019/08/09,2019/08/09,0,Complete Genome
1841865.0,1841865.0,1841865,0.0,GCA_900128475.1,3.94984,2016/11/25,2022/10/06,3432,Scaffold
1841867.0,1841867.0,1841867,0.0,GCA_015550675.1,2.56888,2020/11/17,2022/04/03,2560,Scaffold
1852370.0,1852370.0,1852370,0.0,GCA_900106785.1,3.47535,2016/10/22,2022/10/06,2756,Scaffold
1852391.0,1852391.0,1898207,2.0,GCA_026416355.1,1.68279,2022/11/27,2022/11/27,1736,Contig
1870984.0,1870984.0,1870984,0.0,GCA_900128415.1,2.08021,2016/11/25,2021/12/15,2052,Complete Genome
1870987.0,1870987.0,1870987,0.0,GCA_900176655.1,2.16169,2017/04/26,2022/04/19,1900,Scaffold
1870991.0,1870991.0,1870991,0.0,GCA_027723205.1,2.58831,2023/01/11,2023/01/14,2207,Scaffold
1870993.0,1870993.0,1870993,0.0,GCA_900104635.1,3.60126,2016/10/27,2022/01/26,3521,Contig
1870997.0,1870997.0,1870997,0.0,GCA_900104645.1,1.45082,2016/10/27,2022/01/26,1370,Contig
1871003.0,1871003.0,1871003,0.0,GCA_900104605.1,2.3903,2016/10/27,2022/10/09,2044,Scaffold
1871005.0,1871005.0,1871005,0.0,GCA_900155565.1,2.49832,2017/02/08,2022/07/29,2510,Contig
1871006.0,1871006.0,1871006,0.0,GCA_015549585.1,6.74414,2020/11/17,2022/10/07,5219,Scaffold
1871012.0,1871012.0,1871012,0.0,GCA_016901405.1,2.1435,2021/02/16,2021/02/16,1940,Contig
1871013.0,1871013.0,1871013,0.0,GCA_900128505.1,6.48344,2016/12/02,2022/10/06,5039,Scaffold
1871015.0,1871015.0,2841531,2.0,GCA_018917965.1,2.57936,2021/06/16,2022/08/02,2492,Contig
1871016.0,1871016.0,1871016,0.0,GCA_900119895.1,2.10546,2016/11/23,2022/03/04,1798,Contig
1871017.0,1871017.0,1871017,0.0,GCA_900155585.1,1.82283,2017/01/17,2022/01/19,1767,Scaffold
1871018.0,1871018.0,1871018,0.0,GCA_900104675.1,4.04178,2016/10/27,2022/01/26,3921,Scaffold
1871022.0,1871022.0,1871022,0.0,GCA_900143685.1,2.00931,2016/12/08,2022/01/04,1806,Chromosome
1871030.0,1871030.0,1871030,0.0,GCA_900155395.1,2.4687,2017/01/04,2022/01/26,2424,Scaffold
1871034.0,1871034.0,1871034,0.0,GCA_900155645.1,2.01068,2017/01/14,2021/12/16,1882,Complete Genome
1871035.0,1871035.0,1871035,0.0,GCA_900148495.1,2.87688,2017/01/25,2022/01/26,2782,Contig
1882754.0,1882754.0,2999072,2.0,GCA_026738875.1,4.09794,2022/12/07,2022/12/09,3880,Scaffold
1882761.0,1882761.0,1882761,0.0,GCA_900103525.1,5.17159,2016/10/20,2022/07/18,5187,Scaffold
1892844.0,1892844.0,1892844,0.0,GCA_900117415.1,6.02081,2016/11/16,2022/04/12,5507,Contig
1895719.0,1895719.0,1895719,0.0,GCA_001897035.1,3.81815,2016/12/09,2016/12/09,3388,Scaffold
1896969.0,1896969.0,1896969,0.0,GCA_001915285.1,3.15987,2016/12/23,2016/12/23,2590,Scaffold
1896971.0,1896971.0,1896971,0.0,GCA_001917125.1,1.83628,2016/12/23,2016/12/23,1864,Scaffold
1896974.0,1896974.0,1896974,0.0,GCA_001915545.1,5.01299,2016/12/23,2016/12/23,4088,Scaffold
1896975.0,1896975.0,1896975,0.0,GCA_001915575.1,1.91741,2016/12/23,2016/12/23,1654,Scaffold
1896977.0,1896977.0,1896977,0.0,GCA_001915995.1,1.43406,2016/12/23,2016/12/23,1365,Scaffold
1896978.0,1896978.0,1896978,0.0,GCA_001916005.1,1.6502,2016/12/23,2016/12/23,1697,Scaffold
1896979.0,1896979.0,1896979,0.0,GCA_001916035.1,1.65215,2016/12/23,2016/12/23,1612,Scaffold
1896981.0,1896981.0,1896981,0.0,GCA_001916065.1,1.53413,2016/12/23,2016/12/23,1410,Scaffold
1896986.0,1896986.0,1896986,0.0,GCA_001916175.1,1.78484,2016/12/23,2016/12/23,1705,Scaffold
1896989.0,1896989.0,1896989,0.0,GCA_001915925.1,1.4805,2016/12/23,2016/12/23,1442,Scaffold
1897011.0,1897011.0,1897011,0.0,GCA_001916835.1,1.46493,2016/12/23,2016/12/23,1405,Scaffold
1897012.0,1897012.0,1897012,0.0,GCA_001916855.1,1.70437,2016/12/23,2016/12/23,1615,Scaffold
1897016.0,1897016.0,1897016,0.0,GCA_001916965.1,3.45344,2016/12/23,2016/12/23,3152,Scaffold
1897028.0,1897028.0,1897028,0.0,GCA_001916625.1,1.88205,2016/12/23,2016/12/23,1783,Scaffold
1897032.0,1897032.0,1897032,0.0,GCA_001916715.1,2.53221,2016/12/23,2016/12/23,2519,Scaffold
1897034.0,1897034.0,1897034,0.0,GCA_001916775.1,1.32056,2016/12/23,2016/12/23,1349,Scaffold
1897036.0,1897036.0,1897036,0.0,GCA_001916785.1,3.20045,2016/12/23,2016/12/23,2962,Scaffold
1898206.0,1898206.0,1898206,0.0,GCA_020353535.1,4.84476,2021/10/07,2021/10/07,4530,Chromosome
1899017.0,1899017.0,1899017,0.0,GCA_001765415.1,1.86734,2016/10/13,2016/10/13,1838,Complete Genome
1903263.0,1903263.0,1903263,0.0,GCA_900104665.1,2.60609,2016/10/27,2022/01/26,2618,Scaffold
1906168.0,1906168.0,2137880,2.0,GCA_026338475.1,2.1442,2022/11/23,2022/11/23,2165,Scaffold
1907654.0,1907654.0,1907654,0.0,GCA_015556715.1,1.96291,2020/11/17,2021/11/19,1794,Scaffold
1907659.0,1907659.0,1907659,0.0,GCA_900120295.1,2.9443,2016/11/23,2022/08/02,2867,Scaffold
1916225.0,1916225.0,1916225,0.0,GCA_002102825.1,1.85767,2017/04/21,2017/09/29,1872,Scaffold
1916227.0,1916227.0,1916227,0.0,GCA_002102795.1,1.75579,2017/04/21,2017/09/29,1789,Scaffold
1916228.0,1916228.0,1916228,0.0,GCA_002102735.1,1.93001,2017/04/21,2017/09/29,1950,Scaffold
1916232.0,1916232.0,1916232,0.0,GCA_002102645.1,1.84889,2017/04/21,2017/09/29,1969,Scaffold
1917873.0,1917873.0,1917873,0.0,GCA_900199435.1,2.80425,2017/12/06,2022/04/01,2698,Contig
1917876.0,1917876.0,1917876,0.0,GCA_900120195.1,3.30891,2016/11/24,2022/07/29,3170,Scaffold
1917887.0,1917887.0,1917887,0.0,GCA_900162725.1,4.76129,2017/03/16,2022/07/29,3750,Scaffold
1918507.0,1918507.0,2026735,2.0,GCA_027858515.1,1.63264,2023/01/15,2023/01/15,1669,Contig
1919250.0,1919250.0,2478917,2.0,GCA_026710445.1,3.18879,2022/12/06,2022/12/06,2829,Contig
1921510.0,1921510.0,1921510,0.0,GCA_001890385.1,3.78798,2016/12/07,2022/10/09,3997,Complete Genome
1929999.0,1929999.0,3016008,2.0,GCA_027854055.1,5.25965,2023/01/14,2023/01/16,4307,Contig
1930012.0,1930012.0,2054177,2.0,GCA_022785705.1,1.50769,2022/04/01,2022/04/01,1468,Contig
1944646.0,1944646.0,1944646,0.0,GCA_900169485.1,1.44796,2017/03/14,2021/12/16,1262,Complete Genome
1945966.0,1945966.0,2946555,2.0,GCA_026072915.1,3.17552,2022/08/25,2022/08/26,2607,Complete Genome
1946016.0,1946016.0,1872444,2.0,GCA_026338865.1,2.06048,2022/11/23,2022/11/23,1842,Scaffold
1946064.0,1946064.0,712157,2.0,GCA_018128285.1,3.00401,2021/04/22,2022/08/02,3182,Complete Genome
1946066.0,1946066.0,712157,2.0,GCA_018128285.1,3.00401,2021/04/22,2022/08/02,3182,Complete Genome
1946089.0,1946089.0,3016008,2.0,GCA_027854055.1,5.25965,2023/01/14,2023/01/16,4307,Contig
1946109.0,1946109.0,2817961,2.0,GCA_026537355.1,2.22838,2022/11/30,2022/12/02,1836,Scaffold
1946118.0,1946118.0,2860051,2.0,GCA_025147905.1,3.73297,2022/09/12,2022/09/15,3517,Complete Genome
1946289.0,1946289.0,2086585,2.0,GCA_900604345.1,2.42213,2018/10/22,2022/08/01,2324,Complete Genome
1946326.0,1946326.0,2282153,2.0,GCA_016788425.1,2.66574,2021/02/01,2021/02/01,2589,Contig
1946334.0,1946334.0,2282153,2.0,GCA_016788425.1,2.66574,2021/02/01,2021/02/01,2589,Contig
1946388.0,1946388.0,2849179,2.0,GCA_019041915.1,2.2428,2021/06/27,2022/08/02,1981,Contig
1946389.0,1946389.0,2849179,2.0,GCA_019041915.1,2.2428,2021/06/27,2022/08/02,1981,Contig
1946415.0,1946415.0,1955814,2.0,GCA_022783105.1,1.73977,2022/04/01,2022/04/01,1547,Contig
1946417.0,1946417.0,1955814,2.0,GCA_022783105.1,1.73977,2022/04/01,2022/04/01,1547,Contig
1946503.0,1946503.0,2292356,2.0,GCA_003478175.1,2.83031,2018/09/06,2022/08/01,2802,Scaffold
1946528.0,1946528.0,35828,2.0,GCA_024689485.1,2.50893,2022/08/15,2022/08/15,2271,Contig
1946687.0,1946687.0,1834196,2.0,GCA_001688665.2,7.22534,2016/07/20,2022/10/10,7269,Complete Genome
1946696.0,1946696.0,1834196,2.0,GCA_001688665.2,7.22534,2016/07/20,2022/10/10,7269,Complete Genome
1947196.0,1947196.0,59823,2.0,GCA_026338715.1,3.42004,2022/11/23,2022/11/23,3045,Scaffold
1947197.0,1947197.0,59823,2.0,GCA_026338715.1,3.42004,2022/11/23,2022/11/23,3045,Scaffold
1947215.0,1947215.0,59823,2.0,GCA_026338715.1,3.42004,2022/11/23,2022/11/23,3045,Scaffold
1947220.0,1947220.0,59823,2.0,GCA_026338715.1,3.42004,2022/11/23,2022/11/23,3045,Scaffold
1947230.0,1947230.0,59823,2.0,GCA_026338715.1,3.42004,2022/11/23,2022/11/23,3045,Scaffold
1947433.0,1947433.0,41978,2.0,GCA_024699505.1,2.8288,2022/08/15,2022/08/15,2661,Contig
1947574.0,1947574.0,2587468,2.0,GCA_022777085.1,2.22954,2022/04/01,2022/04/01,1987,Contig
1947718.0,1947718.0,166,2.0,GCA_024697295.1,1.9345,2022/08/15,2022/08/15,1807,Contig
1948480.0,1948480.0,2026734,2.0,GCA_027493915.1,3.55665,2022/12/28,2022/12/28,4001,Contig
1948775.0,1948775.0,2052139,2.0,GCA_027858235.1,1.43168,2023/01/15,2023/01/15,1388,Contig
1950234.0,1950234.0,1904864,2.0,GCA_022781015.1,1.42451,2022/04/01,2022/04/01,1421,Contig
1950264.0,1950264.0,1904864,2.0,GCA_022781015.1,1.42451,2022/04/01,2022/04/01,1421,Contig
1950268.0,1950268.0,1904864,2.0,GCA_022781015.1,1.42451,2022/04/01,2022/04/01,1421,Contig
1950288.0,1950288.0,1904864,2.0,GCA_022781015.1,1.42451,2022/04/01,2022/04/01,1421,Contig
1950378.0,1950378.0,2030927,2.0,GCA_027858135.1,3.71746,2023/01/15,2023/01/15,3420,Contig
1950381.0,1950381.0,2030927,2.0,GCA_027858135.1,3.71746,2023/01/15,2023/01/15,3420,Contig
1950396.0,1950396.0,2030927,2.0,GCA_027858135.1,3.71746,2023/01/15,2023/01/15,3420,Contig
1950397.0,1950397.0,2030927,2.0,GCA_027858135.1,3.71746,2023/01/15,2023/01/15,3420,Contig
1950400.0,1950400.0,2030927,2.0,GCA_027858135.1,3.71746,2023/01/15,2023/01/15,3420,Contig
1950410.0,1950410.0,2030927,2.0,GCA_027858135.1,3.71746,2023/01/15,2023/01/15,3420,Contig
1950427.0,1950427.0,2030927,2.0,GCA_027858135.1,3.71746,2023/01/15,2023/01/15,3420,Contig
1950432.0,1950432.0,2030927,2.0,GCA_027858135.1,3.71746,2023/01/15,2023/01/15,3420,Contig
1950444.0,1950444.0,2030927,2.0,GCA_027858135.1,3.71746,2023/01/15,2023/01/15,3420,Contig
1950450.0,1950450.0,2030927,2.0,GCA_027858135.1,3.71746,2023/01/15,2023/01/15,3420,Contig
1950469.0,1950469.0,2030927,2.0,GCA_027858135.1,3.71746,2023/01/15,2023/01/15,3420,Contig
1950477.0,1950477.0,2030927,2.0,GCA_027858135.1,3.71746,2023/01/15,2023/01/15,3420,Contig
1950478.0,1950478.0,2030927,2.0,GCA_027858135.1,3.71746,2023/01/15,2023/01/15,3420,Contig
1950481.0,1950481.0,2030927,2.0,GCA_027858135.1,3.71746,2023/01/15,2023/01/15,3420,Contig
1950482.0,1950482.0,2030927,2.0,GCA_027858135.1,3.71746,2023/01/15,2023/01/15,3420,Contig
1950483.0,1950483.0,2030927,2.0,GCA_027858135.1,3.71746,2023/01/15,2023/01/15,3420,Contig
1950488.0,1950488.0,2030927,2.0,GCA_027858135.1,3.71746,2023/01/15,2023/01/15,3420,Contig
1950490.0,1950490.0,2030927,2.0,GCA_027858135.1,3.71746,2023/01/15,2023/01/15,3420,Contig
1950496.0,1950496.0,2030927,2.0,GCA_027858135.1,3.71746,2023/01/15,2023/01/15,3420,Contig
1950498.0,1950498.0,2030927,2.0,GCA_027858135.1,3.71746,2023/01/15,2023/01/15,3420,Contig
1950508.0,1950508.0,2030927,2.0,GCA_027858135.1,3.71746,2023/01/15,2023/01/15,3420,Contig
1950510.0,1950510.0,2030927,2.0,GCA_027858135.1,3.71746,2023/01/15,2023/01/15,3420,Contig
1950512.0,1950512.0,2030927,2.0,GCA_027858135.1,3.71746,2023/01/15,2023/01/15,3420,Contig
1950516.0,1950516.0,2030927,2.0,GCA_027858135.1,3.71746,2023/01/15,2023/01/15,3420,Contig
1950527.0,1950527.0,2030927,2.0,GCA_027858135.1,3.71746,2023/01/15,2023/01/15,3420,Contig
1950536.0,1950536.0,2030927,2.0,GCA_027858135.1,3.71746,2023/01/15,2023/01/15,3420,Contig
1950545.0,1950545.0,2030927,2.0,GCA_027858135.1,3.71746,2023/01/15,2023/01/15,3420,Contig
1950558.0,1950558.0,2030927,2.0,GCA_027858135.1,3.71746,2023/01/15,2023/01/15,3420,Contig
1950563.0,1950563.0,2030927,2.0,GCA_027858135.1,3.71746,2023/01/15,2023/01/15,3420,Contig
1950565.0,1950565.0,2030927,2.0,GCA_027858135.1,3.71746,2023/01/15,2023/01/15,3420,Contig
1950574.0,1950574.0,2030927,2.0,GCA_027858135.1,3.71746,2023/01/15,2023/01/15,3420,Contig
1950585.0,1950585.0,2030927,2.0,GCA_027858135.1,3.71746,2023/01/15,2023/01/15,3420,Contig
1950591.0,1950591.0,2030927,2.0,GCA_027858135.1,3.71746,2023/01/15,2023/01/15,3420,Contig
1950607.0,1950607.0,2030927,2.0,GCA_027858135.1,3.71746,2023/01/15,2023/01/15,3420,Contig
1950623.0,1950623.0,2030927,2.0,GCA_027858135.1,3.71746,2023/01/15,2023/01/15,3420,Contig
1950664.0,1950664.0,2030927,2.0,GCA_027858135.1,3.71746,2023/01/15,2023/01/15,3420,Contig
1950665.0,1950665.0,2030927,2.0,GCA_027858135.1,3.71746,2023/01/15,2023/01/15,3420,Contig
1950682.0,1950682.0,2030927,2.0,GCA_027858135.1,3.71746,2023/01/15,2023/01/15,3420,Contig
1950683.0,1950683.0,2030927,2.0,GCA_027858135.1,3.71746,2023/01/15,2023/01/15,3420,Contig
1950687.0,1950687.0,2030927,2.0,GCA_027858135.1,3.71746,2023/01/15,2023/01/15,3420,Contig
1950692.0,1950692.0,2030927,2.0,GCA_027858135.1,3.71746,2023/01/15,2023/01/15,3420,Contig
1950693.0,1950693.0,2030927,2.0,GCA_027858135.1,3.71746,2023/01/15,2023/01/15,3420,Contig
1950698.0,1950698.0,2030927,2.0,GCA_027858135.1,3.71746,2023/01/15,2023/01/15,3420,Contig
1950699.0,1950699.0,2030927,2.0,GCA_027858135.1,3.71746,2023/01/15,2023/01/15,3420,Contig
1950728.0,1950728.0,2030927,2.0,GCA_027858135.1,3.71746,2023/01/15,2023/01/15,3420,Contig
1950739.0,1950739.0,2030927,2.0,GCA_027858135.1,3.71746,2023/01/15,2023/01/15,3420,Contig
1950876.0,1950876.0,1898207,2.0,GCA_026416355.1,1.68279,2022/11/27,2022/11/27,1736,Contig
1950879.0,1950879.0,1898207,2.0,GCA_026416355.1,1.68279,2022/11/27,2022/11/27,1736,Contig
1950883.0,1950883.0,1898207,2.0,GCA_026416355.1,1.68279,2022/11/27,2022/11/27,1736,Contig
1950885.0,1950885.0,1898207,2.0,GCA_026416355.1,1.68279,2022/11/27,2022/11/27,1736,Contig
1950886.0,1950886.0,1898207,2.0,GCA_026416355.1,1.68279,2022/11/27,2022/11/27,1736,Contig
1950888.0,1950888.0,1898207,2.0,GCA_026416355.1,1.68279,2022/11/27,2022/11/27,1736,Contig
1950889.0,1950889.0,1898207,2.0,GCA_026416355.1,1.68279,2022/11/27,2022/11/27,1736,Contig
1950907.0,1950907.0,1898207,2.0,GCA_026416355.1,1.68279,2022/11/27,2022/11/27,1736,Contig
1950912.0,1950912.0,1898207,2.0,GCA_026416355.1,1.68279,2022/11/27,2022/11/27,1736,Contig
1950913.0,1950913.0,1898207,2.0,GCA_026416355.1,1.68279,2022/11/27,2022/11/27,1736,Contig
1950916.0,1950916.0,1898207,2.0,GCA_026416355.1,1.68279,2022/11/27,2022/11/27,1736,Contig
1950917.0,1950917.0,1898207,2.0,GCA_026416355.1,1.68279,2022/11/27,2022/11/27,1736,Contig
1950922.0,1950922.0,1898207,2.0,GCA_026416355.1,1.68279,2022/11/27,2022/11/27,1736,Contig
1950929.0,1950929.0,1898207,2.0,GCA_026416355.1,1.68279,2022/11/27,2022/11/27,1736,Contig
1950930.0,1950930.0,1898207,2.0,GCA_026416355.1,1.68279,2022/11/27,2022/11/27,1736,Contig
1950931.0,1950931.0,1898207,2.0,GCA_026416355.1,1.68279,2022/11/27,2022/11/27,1736,Contig
1950935.0,1950935.0,1898207,2.0,GCA_026416355.1,1.68279,2022/11/27,2022/11/27,1736,Contig
1951451.0,1951451.0,2485926,2.0,GCA_024681695.1,2.30166,2022/08/15,2022/08/15,2302,Contig
1951596.0,1951596.0,2137877,2.0,GCA_012521055.1,1.93882,2020/04/18,2020/04/18,1940,Contig
1951976.0,1951976.0,1898203,2.0,GCA_026338065.1,4.22281,2022/11/23,2022/11/23,3709,Scaffold
1952006.0,1952006.0,1898203,2.0,GCA_026338065.1,4.22281,2022/11/23,2022/11/23,3709,Scaffold
1952096.0,1952096.0,1898203,2.0,GCA_026338065.1,4.22281,2022/11/23,2022/11/23,3709,Scaffold
1952097.0,1952097.0,1898203,2.0,GCA_026338065.1,4.22281,2022/11/23,2022/11/23,3709,Scaffold
1952098.0,1952098.0,1898203,2.0,GCA_026338065.1,4.22281,2022/11/23,2022/11/23,3709,Scaffold
1952105.0,1952105.0,1898203,2.0,GCA_026338065.1,4.22281,2022/11/23,2022/11/23,3709,Scaffold
1952106.0,1952106.0,1898203,2.0,GCA_026338065.1,4.22281,2022/11/23,2022/11/23,3709,Scaffold
1952107.0,1952107.0,1898203,2.0,GCA_026338065.1,4.22281,2022/11/23,2022/11/23,3709,Scaffold
1952110.0,1952110.0,1898203,2.0,GCA_026338065.1,4.22281,2022/11/23,2022/11/23,3709,Scaffold
1952172.0,1952172.0,1898203,2.0,GCA_026338065.1,4.22281,2022/11/23,2022/11/23,3709,Scaffold
1952283.0,1952283.0,2485925,2.0,GCA_026419295.1,1.64328,2022/11/27,2022/11/27,1931,Scaffold
1952288.0,1952288.0,2485925,2.0,GCA_026419295.1,1.64328,2022/11/27,2022/11/27,1931,Scaffold
1952408.0,1952408.0,2485925,2.0,GCA_026419295.1,1.64328,2022/11/27,2022/11/27,1931,Scaffold
1952413.0,1952413.0,2485925,2.0,GCA_026419295.1,1.64328,2022/11/27,2022/11/27,1931,Scaffold
1952414.0,1952414.0,2485925,2.0,GCA_026419295.1,1.64328,2022/11/27,2022/11/27,1931,Scaffold
1952417.0,1952417.0,2485925,2.0,GCA_026419295.1,1.64328,2022/11/27,2022/11/27,1931,Scaffold
1952420.0,1952420.0,2485925,2.0,GCA_026419295.1,1.64328,2022/11/27,2022/11/27,1931,Scaffold
1952422.0,1952422.0,2485925,2.0,GCA_026419295.1,1.64328,2022/11/27,2022/11/27,1931,Scaffold
1952429.0,1952429.0,2485925,2.0,GCA_026419295.1,1.64328,2022/11/27,2022/11/27,1931,Scaffold
1952436.0,1952436.0,2485925,2.0,GCA_026419295.1,1.64328,2022/11/27,2022/11/27,1931,Scaffold
1952454.0,1952454.0,2049047,2.0,GCA_022787865.1,2.64828,2022/04/01,2022/04/01,2132,Contig
1952582.0,1952582.0,2049046,2.0,GCA_022767105.1,2.49932,2022/03/31,2022/03/31,2082,Contig
1952696.0,1952696.0,2049046,2.0,GCA_022767105.1,2.49932,2022/03/31,2022/03/31,2082,Contig
1952968.0,1952968.0,2485925,2.0,GCA_026419295.1,1.64328,2022/11/27,2022/11/27,1931,Scaffold
1952969.0,1952969.0,2485925,2.0,GCA_026419295.1,1.64328,2022/11/27,2022/11/27,1931,Scaffold
1952970.0,1952970.0,2485925,2.0,GCA_026419295.1,1.64328,2022/11/27,2022/11/27,1931,Scaffold
1952971.0,1952971.0,2485925,2.0,GCA_026419295.1,1.64328,2022/11/27,2022/11/27,1931,Scaffold
1952972.0,1952972.0,2485925,2.0,GCA_026419295.1,1.64328,2022/11/27,2022/11/27,1931,Scaffold
1952974.0,1952974.0,2485925,2.0,GCA_026419295.1,1.64328,2022/11/27,2022/11/27,1931,Scaffold
1953021.0,1953021.0,2652289,2.0,GCA_024698045.1,2.08056,2022/08/15,2022/08/15,1912,Contig
1953131.0,1953131.0,2033014,2.0,GCA_026415535.1,2.0996,2022/11/27,2022/11/27,1910,Scaffold
1953132.0,1953132.0,2033014,2.0,GCA_026415535.1,2.0996,2022/11/27,2022/11/27,1910,Scaffold
1958820.0,1958820.0,2030927,2.0,GCA_027858135.1,3.71746,2023/01/15,2023/01/15,3420,Contig
1962263.0,1962263.0,1962263,0.0,GCA_015667975.1,3.12055,2020/11/23,2022/04/03,2895,Scaffold
1962403.0,1962403.0,1962403,0.0,GCA_002556635.1,5.02452,2017/10/16,2022/03/06,4774,Contig
1965277.0,1965277.0,1965277,0.0,GCA_002028455.1,5.81021,2017/03/15,2022/08/02,5586,Contig
1965549.0,1965549.0,1965549,0.0,GCA_002160955.1,3.39499,2017/05/30,2022/04/01,3219,Contig
1965551.0,1965551.0,1965551,0.0,GCA_002160895.1,3.25671,2017/05/30,2022/04/01,3099,Contig
1965555.0,1965555.0,1965555,0.0,GCA_002160825.1,3.51355,2017/05/30,2022/04/01,3338,Contig
1965562.0,1965562.0,1965562,0.0,GCA_002160755.1,4.28815,2017/05/30,2022/04/01,4042,Contig
1965570.0,1965570.0,1965570,0.0,GCA_002160515.1,2.81428,2017/05/30,2022/04/01,2624,Contig
1965571.0,1965571.0,1965571,0.0,GCA_002160495.1,2.93175,2017/05/30,2022/07/29,2963,Contig
1965572.0,1965572.0,1965572,0.0,GCA_002160435.1,2.56194,2017/05/30,2022/04/01,2348,Contig
1965587.0,1965587.0,1965587,0.0,GCA_002160025.1,3.72114,2017/05/30,2022/04/01,3661,Contig
1965588.0,1965588.0,1965588,0.0,GCA_002160015.1,3.22366,2017/05/30,2022/07/29,3136,Contig
1965593.0,1965593.0,2078569,2.0,GCA_003339845.1,3.86491,2018/07/25,2022/07/30,3277,Contig
1965603.0,1965603.0,1965603,0.0,GCA_002159835.1,3.93898,2017/05/30,2022/04/01,3934,Contig
1965612.0,1965612.0,1965612,0.0,GCA_002159765.1,2.37094,2017/05/30,2022/08/01,2087,Contig
1965625.0,1965625.0,1965625,0.0,GCA_002159535.1,2.15313,2017/05/30,2022/07/29,1902,Contig
1965630.0,1965630.0,1965630,0.0,GCA_002161805.1,2.2159,2017/05/30,2022/07/29,1986,Contig
1965639.0,1965639.0,1965639,0.0,GCA_002161595.1,3.58251,2017/05/30,2022/04/01,3426,Contig
1965660.0,1965660.0,1965660,0.0,GCA_002159265.1,3.66866,2017/05/30,2022/04/01,3711,Contig
1965661.0,1965661.0,1965661,0.0,GCA_002161235.1,2.98447,2017/05/30,2022/04/01,2969,Contig
1965664.0,1965664.0,1965664,0.0,GCA_002161245.1,3.35023,2017/05/30,2022/04/01,3341,Contig
1975706.0,1975706.0,1975706,0.0,GCA_002289235.2,1.99518,2017/09/11,2021/11/03,1976,Contig
1977277.0,1977277.0,1977277,0.0,GCA_900232825.1,2.08618,2017/10/15,2022/08/17,2102,Contig
1977873.0,1977873.0,1977873,0.0,GCA_002135435.1,3.85792,2017/05/15,2021/11/07,3725,Contig
1984871.0,1984871.0,1984871,0.0,GCA_002234915.1,3.11101,2017/07/27,2021/12/30,2597,Contig
2002841.0,2002841.0,2002841,0.0,GCA_900184995.1,4.26084,2017/10/23,2022/01/28,3899,Scaffold
2011007.0,2011007.0,2011007,0.0,GCA_002797325.1,3.37309,2017/11/28,2021/12/23,3482,Scaffold
2013020.0,2013020.0,2013020,0.0,GCA_002742445.1,2.06914,2017/11/02,2022/02/03,1714,Contig
2013777.0,2013777.0,2013777,0.0,GCA_002841545.1,2.79334,2017/12/13,2017/12/13,2707,Scaffold
2014005.0,2014005.0,2014005,0.0,GCA_002797315.1,3.98937,2017/11/28,2021/12/23,3995,Scaffold
2018038.0,2018038.0,2018038,0.0,GCA_002232035.1,2.26055,2017/07/25,2022/04/21,1970,Scaffold
2020948.0,2020948.0,2020948,0.0,GCA_002251085.2,2.82838,2017/08/14,2022/04/05,2831,Contig
2020964.0,2020964.0,2020964,0.0,GCA_002860355.1,2.78939,2018/01/04,2022/04/04,2357,Contig
2020965.0,2020965.0,2020965,0.0,GCA_017357045.1,2.69696,2021/03/16,2022/03/30,2284,Chromosome
2022527.0,2022527.0,2022527,0.0,GCA_002265625.1,3.7214,2017/08/22,2022/07/22,3081,Contig
2024217.0,2024217.0,2024217,0.0,GCA_002251295.1,2.98,2017/08/14,2022/08/02,2436,Contig
2024225.0,2024225.0,2024225,0.0,GCA_002251385.1,2.91543,2017/08/14,2022/08/02,2522,Contig
2024856.0,2024856.0,2024856,0.0,GCA_022448985.1,4.60962,2022/03/02,2022/03/02,3583,Scaffold
2025039.0,2025039.0,2025039,0.0,GCA_002260845.1,2.1696,2017/08/10,2022/02/16,2167,Contig
2025659.0,2025659.0,2025659,0.0,GCA_002632415.1,5.8311,2017/10/23,2022/07/28,4586,Contig
2026724.0,2026724.0,2026724,0.0,GCA_020349245.1,4.51556,2021/10/07,2021/10/07,3952,Chromosome
2026801.0,2026801.0,2026801,0.0,GCA_003506995.1,6.65586,2018/09/07,2018/09/07,6324,Scaffold
2032625.0,2032625.0,2032625,0.0,GCA_002286975.1,5.47588,2017/09/06,2022/01/24,5163,Contig
2035835.0,2035835.0,2035835,0.0,GCA_002802985.1,5.5115,2017/11/30,2021/12/25,5469,Contig
2040291.0,2040291.0,2040291,0.0,GCA_900240315.1,2.46762,2017/12/10,2022/04/01,2372,Contig
2041843.0,2041843.0,1944639,2.0,GCA_900169665.1,3.54509,2017/03/24,2022/08/01,2893,Scaffold
2045015.0,2045015.0,2045015,0.0,GCA_900240845.1,2.14529,2017/12/10,2022/04/01,2091,Contig
2045440.0,2045440.0,2045440,0.0,GCA_002802915.1,2.38474,2017/11/29,2022/04/04,1920,Scaffold
